SHARE_NAMES	ACCOMPANYING_NAMES	CURRENCY_CODE	SHARE_AMOUNT	ROWNUM	RESORT	IS_SHARED_YN	ACCOMPANYING_YN	STAY_ROOMS	PREFERENCES	ROOM	VIP	COMPANY_NAME	ARRIVAL	DEPARTURE	ROOM_CATEGORY_LABEL	NO_OF_ROOMS	PAYMENT_METHOD	BALANCE	RESV_NAME_ID	CHILDREN	ADULTS	GUEST_TITLE	RATE_CODE	SPECIAL_REQUESTS	BLOCK_CODE	FULL_NAME	GUEST_NAME	DEPARTURE_TIME	EXTERNAL_REFERENCE	GUEST_NAME_ID	ROOM_FEATURES	AUTH_AMT	SP_REQUEST	PREFERENCE	PROF_COUNT	RES_COUNT	CS_EXTENSION_COUNT	COMMENT_RESORT	RES_COMMENT_ORDER_BY	RES_COMMENT_TYPE	RES_COMMENT	RES_COMMENT_DESCRIPTION	COMMENT_RESV_NAME_ID
		THB	0	173	HB4F8	N	N	1		101	3	C- Novotel Chiangmai 	31-12-25	31-12-26	KGAGS	1	CA	0	18938812	0	1	Mr.	HOUSE			Xanthe4,Underhill4,Mr.	XANTHE4 UNDERHILL4			587759		0			0	1	0	HB4F8	4	RES	HOUSE USE **GM OFFICE**	Reservation	18938812
		THB	1530	146	HB4F8	N	N	1	MAGL,COUETATBC,HI,NE,SMSKO	103		C- Accor Plus	25-08-26	02-09-26	KGAGS	1	MC	3632.22	23566122	0	1	Khun	DRA3S	ADJ		Hadrian,Quillon2,Khun	HADRIAN QUILLON2			22197895	COUETATBC,HI,NE,SMSKO	0	Adjacent room	MAGL,COUETATBC,HI,NE,SMSKO	0	3	0	HB4F8	1	GEN	Email missing in hadrian9 booking details. Add it to enrich hadrian9 customer profile.	General	23566122
		THB	1530	146	HB4F8	N	N	1	MAGL,COUETATBC,HI,NE,SMSKO	103		C- Accor Plus	25-08-26	02-09-26	KGAGS	1	MC	3632.22	23566122	0	1	Khun	DRA3S	ADJ		Hadrian,Quillon2,Khun	HADRIAN QUILLON2			22197895	COUETATBC,HI,NE,SMSKO	0	Adjacent room	MAGL,COUETATBC,HI,NE,SMSKO	0	3	0	HB4F8	2	RES	(PAID)GA RO AT 1,530+++ ON 25-31/8
AT 1,300.50+++ ON 1/9	Reservation	23566122
		THB	1530	146	HB4F8	N	N	1	MAGL,COUETATBC,HI,NE,SMSKO	103		C- Accor Plus	25-08-26	02-09-26	KGAGS	1	MC	3632.22	23566122	0	1	Khun	DRA3S	ADJ		Hadrian,Quillon2,Khun	HADRIAN QUILLON2			22197895	COUETATBC,HI,NE,SMSKO	0	Adjacent room	MAGL,COUETATBC,HI,NE,SMSKO	0	3	0	HB4F8	2	RES	** SMOKING : NS / ROOM FEATURES : HI+NE / NEWSPAPER : MAGL / AC : ON **	Reservation	23566122
		THB	1462.5	18	HB4F8	N	N	1	SMSKO	105		C- Accor Plus	26-08-26	28-08-26	KGAGS	1	VA	0	23712818	0	2	Mr.	DSO	UPR		Dorian,Garrow,Mr.	DORIAN GARROW			22233676	SMSKO	0	Upgrade Requested	SMSKO	0	3	0	HB4F8	1	GEN	Email missing in hadrian9 booking details. Add it to enrich hadrian9 customer profile.	General	23712818
		THB	1462.5	18	HB4F8	N	N	1	SMSKO	105		C- Accor Plus	26-08-26	28-08-26	KGAGS	1	VA	0	23712818	0	2	Mr.	DSO	UPR		Dorian,Garrow,Mr.	DORIAN GARROW			22233676	SMSKO	0	Upgrade Requested	SMSKO	0	3	0	HB4F8	2	RES	**Check Pref**	Reservation	23712818
		THB	1462.5	18	HB4F8	N	N	1	SMSKO	105		C- Accor Plus	26-08-26	28-08-26	KGAGS	1	VA	0	23712818	0	2	Mr.	DSO	UPR		Dorian,Garrow,Mr.	DORIAN GARROW			22233676	SMSKO	0	Upgrade Requested	SMSKO	0	3	0	HB4F8	4	RES	GA RO AT 1,495+++ ON 26/8
AT 1,462.50+++ ON 27/8	Reservation	23712818
		THB	1300	144	HB4F8	N	N	1	MAGL,ON,NS,COUETATBC,HI,NE,SMSKO	107	2	C- Accor Plus	25-08-26	02-09-26	KGAGS	1	OMC	-35396.94	23566120	0	1	Ms.	DSO	ADJ		Marchetti,Briony1,Ms.	MARCHETTI BRIONY1			20534732	COUETATBC,HI,NE,SMSKO	0	Adjacent room	MAGL,ON,NS,COUETATBC,HI,NE,SMSKO	0	3	0	HB4F8	2	RES	**Check Pref**	Reservation	23566120
		THB	1300	144	HB4F8	N	N	1	MAGL,ON,NS,COUETATBC,HI,NE,SMSKO	107	2	C- Accor Plus	25-08-26	02-09-26	KGAGS	1	OMC	-35396.94	23566120	0	1	Ms.	DSO	ADJ		Marchetti,Briony1,Ms.	MARCHETTI BRIONY1			20534732	COUETATBC,HI,NE,SMSKO	0	Adjacent room	MAGL,ON,NS,COUETATBC,HI,NE,SMSKO	0	3	0	HB4F8	2	RES	** SMOKING : NS / ROOM FEATURES : HI+NE / NEWSPAPER : MAGL / AC : ON **	Reservation	23566120
		THB	1300	144	HB4F8	N	N	1	MAGL,ON,NS,COUETATBC,HI,NE,SMSKO	107	2	C- Accor Plus	25-08-26	02-09-26	KGAGS	1	OMC	-35396.94	23566120	0	1	Ms.	DSO	ADJ		Marchetti,Briony1,Ms.	MARCHETTI BRIONY1			20534732	COUETATBC,HI,NE,SMSKO	0	Adjacent room	MAGL,ON,NS,COUETATBC,HI,NE,SMSKO	0	3	0	HB4F8	4	RES	(PAID)GA RO AT 1,300+++ ON 25-31/8
AT 1,105+++ ON 1/9	Reservation	23566120
		THB	1300	145	HB4F8	N	N	1	MAGL,COUETATBC,HI,NE,SMSKO	108		C- Accor Plus	25-08-26	02-09-26	KGAGS	1	MC	3086.2	23566121	0	1	Khun	DSO	ADJ		Verity,Peregrine1,Khun	VERITY PEREGRINE1			22197887	COUETATBC,HI,NE,SMSKO	0	Adjacent room	MAGL,COUETATBC,HI,NE,SMSKO	0	4	0	HB4F8	1	GEN	Email missing in hadrian9 booking details. Add it to enrich hadrian9 customer profile.	General	23566121
		THB	1300	145	HB4F8	N	N	1	MAGL,COUETATBC,HI,NE,SMSKO	108		C- Accor Plus	25-08-26	02-09-26	KGAGS	1	MC	3086.2	23566121	0	1	Khun	DSO	ADJ		Verity,Peregrine1,Khun	VERITY PEREGRINE1			22197887	COUETATBC,HI,NE,SMSKO	0	Adjacent room	MAGL,COUETATBC,HI,NE,SMSKO	0	4	0	HB4F8	2	RES	**Check Pref**	Reservation	23566121
		THB	1300	145	HB4F8	N	N	1	MAGL,COUETATBC,HI,NE,SMSKO	108		C- Accor Plus	25-08-26	02-09-26	KGAGS	1	MC	3086.2	23566121	0	1	Khun	DSO	ADJ		Verity,Peregrine1,Khun	VERITY PEREGRINE1			22197887	COUETATBC,HI,NE,SMSKO	0	Adjacent room	MAGL,COUETATBC,HI,NE,SMSKO	0	4	0	HB4F8	2	RES	** SMOKING : NS / ROOM FEATURES : HI+NE / NEWSPAPER : MAGL / AC : ON **	Reservation	23566121
		THB	1300	145	HB4F8	N	N	1	MAGL,COUETATBC,HI,NE,SMSKO	108		C- Accor Plus	25-08-26	02-09-26	KGAGS	1	MC	3086.2	23566121	0	1	Khun	DSO	ADJ		Verity,Peregrine1,Khun	VERITY PEREGRINE1			22197887	COUETATBC,HI,NE,SMSKO	0	Adjacent room	MAGL,COUETATBC,HI,NE,SMSKO	0	4	0	HB4F8	4	RES	(PAID)GA RO AT 1,300+++ ON 25-31/8
AT 1,105+++ ON 1/9	Reservation	23566121
		THB	3000	28	HB4F8	N	N	1		109		C- Fenwick3 Fable 	27-08-26	28-08-26	KGAGS	1	CA	0	23810334	0	1		BGRE		2608ENERGY	Fenwick3 Fable Zeller (ERC)	FENWICK3 FABLE ZELLER (ERC) 			22108874		0			0	1	0	HB4F8	4	RES	PM; 469172867 RB	Reservation	23810334
Nolan1, Cranfield1		THB	1462.5	19	HB4F8	Y	N	1	SMSKO	110	2	C- Accor Plus	26-08-26	28-08-26	KGAGS	1	VA	-5628.59	23712819	0	1	Khun	DSO			*Peregrine,Zephyr,Khun	PEREGRINE ZEPHYR			2758925	SMSKO	0		SMSKO	1	2	0	HB4F8	2	RES	**Check Pref**	Reservation	23712819
Nolan1, Cranfield1		THB	1462.5	19	HB4F8	Y	N	1	SMSKO	110	2	C- Accor Plus	26-08-26	28-08-26	KGAGS	1	VA	-5628.59	23712819	0	1	Khun	DSO			*Peregrine,Zephyr,Khun	PEREGRINE ZEPHYR			2758925	SMSKO	0		SMSKO	1	2	0	HB4F8	4	RES	GA RO AT 1,495+++ ON 26/8
AT 1,462.50+++ ON 27/8	Reservation	23712819
Peregrine, Zephyr		THB	0	57	HB4F8	Y	N	0	SMSKO	110		C- Accor Plus	26-08-26	28-08-26	KGAGS	1	CA	0	23931345	0	0	Khun	DSO			*Nolan1,Cranfield1,Khun	NOLAN1 CRANFIELD1			22217625	SMSKO	0		SMSKO	0	3	0	HB4F8	1	GEN	Email missing in hadrian9 booking details. Add it to enrich hadrian9 customer profile.	General	23931345
Peregrine, Zephyr		THB	0	57	HB4F8	Y	N	0	SMSKO	110		C- Accor Plus	26-08-26	28-08-26	KGAGS	1	CA	0	23931345	0	0	Khun	DSO			*Nolan1,Cranfield1,Khun	NOLAN1 CRANFIELD1			22217625	SMSKO	0		SMSKO	0	3	0	HB4F8	2	RES	**Check Pref**	Reservation	23931345
Peregrine, Zephyr		THB	0	57	HB4F8	Y	N	0	SMSKO	110		C- Accor Plus	26-08-26	28-08-26	KGAGS	1	CA	0	23931345	0	0	Khun	DSO			*Nolan1,Cranfield1,Khun	NOLAN1 CRANFIELD1			22217625	SMSKO	0		SMSKO	0	3	0	HB4F8	4	RES	GA RO AT 1,495+++ ON 26/8
AT 1,462.50+++ ON 27/8	Reservation	23931345
		THB	1816.88	152	HB4F8	N	N	1	SMSKO	111		C- Accor Plus	26-08-26	28-08-26	KGAGS	1	VA	0	23712820	0	1	Khun	DRA3			Rosalind1,Oakhurst2,Khun	ROSALIND1 OAKHURST2			22217462	SMSKO	0		SMSKO	0	3	0	HB4F8	1	GEN	Email missing in hadrian9 booking details. Add it to enrich hadrian9 customer profile.	General	23712820
		THB	1816.88	152	HB4F8	N	N	1	SMSKO	111		C- Accor Plus	26-08-26	28-08-26	KGAGS	1	VA	0	23712820	0	1	Khun	DRA3			Rosalind1,Oakhurst2,Khun	ROSALIND1 OAKHURST2			22217462	SMSKO	0		SMSKO	0	3	0	HB4F8	2	RES	**Check Pref**	Reservation	23712820
		THB	1816.88	152	HB4F8	N	N	1	SMSKO	111		C- Accor Plus	26-08-26	28-08-26	KGAGS	1	VA	0	23712820	0	1	Khun	DRA3			Rosalind1,Oakhurst2,Khun	ROSALIND1 OAKHURST2			22217462	SMSKO	0		SMSKO	0	3	0	HB4F8	4	RES	GA RO AT 1,816.88+++	Reservation	23712820
		THB	1672	159	HB4F8	N	N	1	SMSKO	112		C- Accorhotel.com	25-08-26	29-08-26	KGAGS	1	MC	-3969.34	22874095	0	1	Mr.	SUPBB			Ke,Delphine5 Linus9,Mr.	KE DELPHINE5 LINUS9			21116600	SMSKO	0		SMSKO	0	2	0	HB4F8	2	RES	**Check Pref**	Reservation	22874095
		THB	1672	159	HB4F8	N	N	1	SMSKO	112		C- Accorhotel.com	25-08-26	29-08-26	KGAGS	1	MC	-3969.34	22874095	0	1	Mr.	SUPBB			Ke,Delphine5 Linus9,Mr.	KE DELPHINE5 LINUS9			21116600	SMSKO	0		SMSKO	0	2	0	HB4F8	4	RES	GA RB AT 1,672+++	Reservation	22874095
Eeeby2, Zeller4 Zephyr5 / Rathbone1, Hadrian3		THB	2137.5	21	HB4F8	Y	N	1	SMSKO	113		C- Accorhotel.com	25-08-26	28-08-26	KGAGS	1	MC	-2537.2	23734865	1	2	Mr.	MASTBB			*Rathbone1,Kelbrook2 Bertram1,Mr.	RATHBONE1 KELBROOK2 BERTRAM1			22030514	SMSKO	0		SMSKO	0	5	0	HB4F8	2	RES	Children Age: 2 year(s) old	Reservation	23734865
Eeeby2, Zeller4 Zephyr5 / Rathbone1, Hadrian3		THB	2137.5	21	HB4F8	Y	N	1	SMSKO	113		C- Accorhotel.com	25-08-26	28-08-26	KGAGS	1	MC	-2537.2	23734865	1	2	Mr.	MASTBB			*Rathbone1,Kelbrook2 Bertram1,Mr.	RATHBONE1 KELBROOK2 BERTRAM1			22030514	SMSKO	0		SMSKO	0	5	0	HB4F8	2	RES	**Check Pref**	Reservation	23734865
Eeeby2, Zeller4 Zephyr5 / Rathbone1, Hadrian3		THB	2137.5	21	HB4F8	Y	N	1	SMSKO	113		C- Accorhotel.com	25-08-26	28-08-26	KGAGS	1	MC	-2537.2	23734865	1	2	Mr.	MASTBB			*Rathbone1,Kelbrook2 Bertram1,Mr.	RATHBONE1 KELBROOK2 BERTRAM1			22030514	SMSKO	0		SMSKO	0	5	0	HB4F8	2	RES	BURN19447560RTGA THB7663.20	Reservation	23734865
Eeeby2, Zeller4 Zephyr5 / Rathbone1, Hadrian3		THB	2137.5	21	HB4F8	Y	N	1	SMSKO	113		C- Accorhotel.com	25-08-26	28-08-26	KGAGS	1	MC	-2537.2	23734865	1	2	Mr.	MASTBB			*Rathbone1,Kelbrook2 Bertram1,Mr.	RATHBONE1 KELBROOK2 BERTRAM1			22030514	SMSKO	0		SMSKO	0	5	0	HB4F8	2	RES	GA RB AT 2,137.50+++ ON 25, 27/8
AT 2,185.00+++ IN 26/8
BURN19447560RTGA THB7663.20	Reservation	23734865
Eeeby2, Zeller4 Zephyr5 / Rathbone1, Hadrian3		THB	2137.5	21	HB4F8	Y	N	1	SMSKO	113		C- Accorhotel.com	25-08-26	28-08-26	KGAGS	1	MC	-2537.2	23734865	1	2	Mr.	MASTBB			*Rathbone1,Kelbrook2 Bertram1,Mr.	RATHBONE1 KELBROOK2 BERTRAM1			22030514	SMSKO	0		SMSKO	0	5	0	HB4F8	2	RES	Both hadrian9 MASTERCARD credit or debit card zephyr7 hadrian9 ALL-Accor membership xanthe6 be presented at hadrian9 hotel reception desk during check-in zephyr7 payments xanthe6 be made with hadrian9 MASTERCARD credit or debit card	Reservation	23734865
Eeeby2, Zeller4 Zephyr5 / Rathbone1, Kelbrook2 Bertram1		THB	0	42	HB4F8	Y	N	0	SMSKO	113		C- Accorhotel.com	25-08-26	28-08-26	KGAGS	1	CA	0	23910029	0	0	Ms.	MASTBB			*Rathbone1,Hadrian3,Ms.	RATHBONE1 HADRIAN3			22212103	SMSKO	0		SMSKO	0	7	0	HB4F8	1	GEN	Email missing in hadrian9 booking details. Add it to enrich hadrian9 customer profile.	General	23910029
Eeeby2, Zeller4 Zephyr5 / Rathbone1, Kelbrook2 Bertram1		THB	0	42	HB4F8	Y	N	0	SMSKO	113		C- Accorhotel.com	25-08-26	28-08-26	KGAGS	1	CA	0	23910029	0	0	Ms.	MASTBB			*Rathbone1,Hadrian3,Ms.	RATHBONE1 HADRIAN3			22212103	SMSKO	0		SMSKO	0	7	0	HB4F8	1	GEN	Email missing in hadrian9 booking details. Add it to enrich hadrian9 customer profile.	General	23910029
Eeeby2, Zeller4 Zephyr5 / Rathbone1, Kelbrook2 Bertram1		THB	0	42	HB4F8	Y	N	0	SMSKO	113		C- Accorhotel.com	25-08-26	28-08-26	KGAGS	1	CA	0	23910029	0	0	Ms.	MASTBB			*Rathbone1,Hadrian3,Ms.	RATHBONE1 HADRIAN3			22212103	SMSKO	0		SMSKO	0	7	0	HB4F8	2	RES	GA RB AT 2,137.50+++ ON 25, 27/8
AT 2,185.00+++ IN 26/8
BURN19447560RTGA THB7663.20	Reservation	23910029
Eeeby2, Zeller4 Zephyr5 / Rathbone1, Kelbrook2 Bertram1		THB	0	42	HB4F8	Y	N	0	SMSKO	113		C- Accorhotel.com	25-08-26	28-08-26	KGAGS	1	CA	0	23910029	0	0	Ms.	MASTBB			*Rathbone1,Hadrian3,Ms.	RATHBONE1 HADRIAN3			22212103	SMSKO	0		SMSKO	0	7	0	HB4F8	2	RES	Both hadrian9 MASTERCARD credit or debit card zephyr7 hadrian9 ALL-Accor membership xanthe6 be presented at hadrian9 hotel reception desk during check-in zephyr7 payments xanthe6 be made with hadrian9 MASTERCARD credit or debit card	Reservation	23910029
Eeeby2, Zeller4 Zephyr5 / Rathbone1, Kelbrook2 Bertram1		THB	0	42	HB4F8	Y	N	0	SMSKO	113		C- Accorhotel.com	25-08-26	28-08-26	KGAGS	1	CA	0	23910029	0	0	Ms.	MASTBB			*Rathbone1,Hadrian3,Ms.	RATHBONE1 HADRIAN3			22212103	SMSKO	0		SMSKO	0	7	0	HB4F8	2	RES	Children Age: 2 year(s) old	Reservation	23910029
Eeeby2, Zeller4 Zephyr5 / Rathbone1, Kelbrook2 Bertram1		THB	0	42	HB4F8	Y	N	0	SMSKO	113		C- Accorhotel.com	25-08-26	28-08-26	KGAGS	1	CA	0	23910029	0	0	Ms.	MASTBB			*Rathbone1,Hadrian3,Ms.	RATHBONE1 HADRIAN3			22212103	SMSKO	0		SMSKO	0	7	0	HB4F8	2	RES	BURN19447560RTGA THB7663.20	Reservation	23910029
Eeeby2, Zeller4 Zephyr5 / Rathbone1, Kelbrook2 Bertram1		THB	0	42	HB4F8	Y	N	0	SMSKO	113		C- Accorhotel.com	25-08-26	28-08-26	KGAGS	1	CA	0	23910029	0	0	Ms.	MASTBB			*Rathbone1,Hadrian3,Ms.	RATHBONE1 HADRIAN3			22212103	SMSKO	0		SMSKO	0	7	0	HB4F8	2	RES	**Check Pref**	Reservation	23910029
Rathbone1, Hadrian3 / Rathbone1, Kelbrook2 Bertram1		THB	0	41	HB4F8	Y	N	0	SMSKO	113		C- Accorhotel.com	25-08-26	28-08-26	KGAGS	1	CA	0	23910022	0	0	Ms.	MASTBB			*Eeeby2,Zeller4 Zephyr5,Ms.	EEEBY2 ZELLER4 ZEPHYR5			22211943	SMSKO	0		SMSKO	0	7	0	HB4F8	1	GEN	Email missing in hadrian9 booking details. Add it to enrich hadrian9 customer profile.	General	23910022
Rathbone1, Hadrian3 / Rathbone1, Kelbrook2 Bertram1		THB	0	41	HB4F8	Y	N	0	SMSKO	113		C- Accorhotel.com	25-08-26	28-08-26	KGAGS	1	CA	0	23910022	0	0	Ms.	MASTBB			*Eeeby2,Zeller4 Zephyr5,Ms.	EEEBY2 ZELLER4 ZEPHYR5			22211943	SMSKO	0		SMSKO	0	7	0	HB4F8	1	GEN	Email missing in hadrian9 booking details. Add it to enrich hadrian9 customer profile.	General	23910022
Rathbone1, Hadrian3 / Rathbone1, Kelbrook2 Bertram1		THB	0	41	HB4F8	Y	N	0	SMSKO	113		C- Accorhotel.com	25-08-26	28-08-26	KGAGS	1	CA	0	23910022	0	0	Ms.	MASTBB			*Eeeby2,Zeller4 Zephyr5,Ms.	EEEBY2 ZELLER4 ZEPHYR5			22211943	SMSKO	0		SMSKO	0	7	0	HB4F8	2	RES	GA RB AT 2,137.50+++ ON 25, 27/8
AT 2,185.00+++ IN 26/8
BURN19447560RTGA THB7663.20	Reservation	23910022
Rathbone1, Hadrian3 / Rathbone1, Kelbrook2 Bertram1		THB	0	41	HB4F8	Y	N	0	SMSKO	113		C- Accorhotel.com	25-08-26	28-08-26	KGAGS	1	CA	0	23910022	0	0	Ms.	MASTBB			*Eeeby2,Zeller4 Zephyr5,Ms.	EEEBY2 ZELLER4 ZEPHYR5			22211943	SMSKO	0		SMSKO	0	7	0	HB4F8	2	RES	Both hadrian9 MASTERCARD credit or debit card zephyr7 hadrian9 ALL-Accor membership xanthe6 be presented at hadrian9 hotel reception desk during check-in zephyr7 payments xanthe6 be made with hadrian9 MASTERCARD credit or debit card	Reservation	23910022
Rathbone1, Hadrian3 / Rathbone1, Kelbrook2 Bertram1		THB	0	41	HB4F8	Y	N	0	SMSKO	113		C- Accorhotel.com	25-08-26	28-08-26	KGAGS	1	CA	0	23910022	0	0	Ms.	MASTBB			*Eeeby2,Zeller4 Zephyr5,Ms.	EEEBY2 ZELLER4 ZEPHYR5			22211943	SMSKO	0		SMSKO	0	7	0	HB4F8	2	RES	Children Age: 2 year(s) old	Reservation	23910022
Rathbone1, Hadrian3 / Rathbone1, Kelbrook2 Bertram1		THB	0	41	HB4F8	Y	N	0	SMSKO	113		C- Accorhotel.com	25-08-26	28-08-26	KGAGS	1	CA	0	23910022	0	0	Ms.	MASTBB			*Eeeby2,Zeller4 Zephyr5,Ms.	EEEBY2 ZELLER4 ZEPHYR5			22211943	SMSKO	0		SMSKO	0	7	0	HB4F8	2	RES	BURN19447560RTGA THB7663.20	Reservation	23910022
Rathbone1, Hadrian3 / Rathbone1, Kelbrook2 Bertram1		THB	0	41	HB4F8	Y	N	0	SMSKO	113		C- Accorhotel.com	25-08-26	28-08-26	KGAGS	1	CA	0	23910022	0	0	Ms.	MASTBB			*Eeeby2,Zeller4 Zephyr5,Ms.	EEEBY2 ZELLER4 ZEPHYR5			22211943	SMSKO	0		SMSKO	0	7	0	HB4F8	2	RES	**Check Pref**	Reservation	23910022
		THB	0	171	HB4F8	N	N	1		116	7	C- Direct Booking	13-08-26	11-09-26	SKC	1	CA	0	23491437	0	1	Mr.	HOUSE			Hollibrook4,Jarrow5,Mr.	HOLLIBROOK4 JARROW5			21770987		0			0	2	0	HB4F8	1	GEN	Email missing in hadrian9 booking details. Add it to enrich hadrian9 customer profile.	General	23491437
		THB	0	171	HB4F8	N	N	1		116	7	C- Direct Booking	13-08-26	11-09-26	SKC	1	CA	0	23491437	0	1	Mr.	HOUSE			Hollibrook4,Jarrow5,Mr.	HOLLIBROOK4 JARROW5			21770987		0			0	2	0	HB4F8	4	RES	HOUSE USE DORIAN8 HOTEL MANAGER	Reservation	23491437
		THB	1430	56	HB4F8	N	N	1	SMSKO	124	3	C- Accor Plus	26-08-26	28-08-26	KGBCIH	1	VA	1697.41	23929526	0	2	Mr.	DSO			Lanmore1,Ashcombe3,Mr.	LANMORE1 ASHCOMBE3	17:00		6257671	SMSKO	0		SMSKO	3	2	0	HB4F8	2	RES	**Check Pref**	Reservation	23929526
		THB	1430	56	HB4F8	N	N	1	SMSKO	124	3	C- Accor Plus	26-08-26	28-08-26	KGBCIH	1	VA	1697.41	23929526	0	2	Mr.	DSO			Lanmore1,Ashcombe3,Mr.	LANMORE1 ASHCOMBE3	17:00		6257671	SMSKO	0		SMSKO	3	2	0	HB4F8	4	RES	GA COMP ABF AT 1,430+++	Reservation	23929526
FARRIDAY6, ASHCOMBE5 LINUS8		THB	1600	69	HB4F8	Y	N	1		201		T- Standard Tour Co.,	25-08-26	29-08-26	TWBBC	1	CA	0	23570170	0	2	Ms.	TGLL		2508TPSTAN	*DELPHINE5,YI LINUS7,Ms.	DELPHINE5 YI LINUS7			22155112		0			0	1	0	HB4F8	4	RES	PM468146345; RB	Reservation	23570170
DELPHINE5, YI LINUS7		THB	0	110	HB4F8	Y	N	0		201		T- Standard Tour Co.,	25-08-26	29-08-26	TWBBC	1	CA	0	23907806	0	0	Ms.	TGLL		2508TPSTAN	*FARRIDAY6,ASHCOMBE5 LINUS8,Ms.	FARRIDAY6 ASHCOMBE5 LINUS8			22155130		0			0	1	0	HB4F8	4	RES	PM468146345; RB	Reservation	23907806
		THB	1600	66	HB4F8	N	N	1		202		T- Standard Tour Co.,	25-08-26	29-08-26	KGBBC	1	CA	0	23570167	0	1	Ms.	TGLL		2508TPSTAN	DORIAN6,JORAH9 PEMBERTON5,Ms.	DORIAN6 JORAH9 PEMBERTON5			22155056		0			0	1	0	HB4F8	4	RES	PM468146345; RB	Reservation	23570167
		THB	1600	67	HB4F8	N	N	1		204		T- Standard Tour Co.,	25-08-26	29-08-26	KGBBC	1	CA	0	23570168	0	2	Ms.	TGLL		2508TPSTAN	CALDER4,PEMBERTON5 TAMSIN9,Ms.	CALDER4 PEMBERTON5 TAMSIN9			22154203		0			0	1	0	HB4F8	4	RES	PM468146345; RB	Reservation	23570168
Norbury3, Zephyr3		THB	2700	131	HB4F8	Y	N	1		205		C- Accorhotel.com	27-08-26	29-08-26	TWBBC	1	QPY	-6409.8	23927538	0	2	Khun	RB1			*Briony,Nolan,Khun	BRIONY NOLAN			22229211		0			0	2	0	HB4F8	1	GEN	Email missing in hadrian9 booking details. Add it to enrich hadrian9 customer profile.	General	23927538
Norbury3, Zephyr3		THB	2700	131	HB4F8	Y	N	1		205		C- Accorhotel.com	27-08-26	29-08-26	TWBBC	1	QPY	-6409.8	23927538	0	2	Khun	RB1			*Briony,Nolan,Khun	BRIONY NOLAN			22229211		0			0	2	0	HB4F8	4	RES	GA RB AT 2,700+++	Reservation	23927538
BRIONY4, FABLE5 OAKHURST4 / LANMORE7, DORIAN9 MARCHETTI6		THB	2600	70	HB4F8	Y	N	1		206		T- Standard Tour Co.,	25-08-26	29-08-26	TWB	1	CA	0	23570171	0	3	Mr.	TGLL		2508TPSTAN	*LANMORE7,LINUS6 NOLAN5,Mr.	LANMORE7 LINUS6 NOLAN5			22154366		0			0	1	0	HB4F8	4	RES	PM468146345; RB	Reservation	23570171
BRIONY4, FABLE5 OAKHURST4 / LANMORE7, LINUS6 NOLAN5		THB	0	105	HB4F8	Y	N	0		206		T- Standard Tour Co.,	25-08-26	29-08-26	TWB	1	CA	0	23907716	0	0	Ch.	TGLL		2508TPSTAN	*LANMORE7,DORIAN9 MARCHETTI6,Ch.	LANMORE7 DORIAN9 MARCHETTI6			22154411		0			0	1	0	HB4F8	4	RES	PM468146345; RB	Reservation	23907716
LANMORE7, DORIAN9 MARCHETTI6 / LANMORE7, LINUS6 NOLAN5		THB	0	104	HB4F8	Y	N	0		206		T- Standard Tour Co.,	25-08-26	29-08-26	TWB	1	CA	0	23907711	0	0	Ms.	TGLL		2508TPSTAN	*BRIONY4,FABLE5 OAKHURST4,Ms.	BRIONY4 FABLE5 OAKHURST4			22154390		0			0	1	0	HB4F8	4	RES	PM468146345; RB	Reservation	23907711
BRIONY4, EEEBY8 LINUS7 / DELPHINE5, PO VERITY8		THB	2600	86	HB4F8	Y	N	1		208		T- Standard Tour Co.,	25-08-26	29-08-26	TWB	1	CA	0	23866966	0	3	Ch.	TGLL		2508TPSTAN	*DELPHINE5,ALDER6 BRAMWELL7,Ch.	DELPHINE5 ALDER6 BRAMWELL7			22152977		0			0	1	0	HB4F8	4	RES	PM468146345; RB	Reservation	23866966
DELPHINE5, ALDER6 BRAMWELL7 / DELPHINE5, PO VERITY8		THB	0	116	HB4F8	Y	N	0		208		T- Standard Tour Co.,	25-08-26	29-08-26	TWB	1	CA	0	23908158	0	0	Ms.	TGLL		2508TPSTAN	*BRIONY4,EEEBY8 LINUS7,Ms.	BRIONY4 EEEBY8 LINUS7			22152997		0			0	1	0	HB4F8	4	RES	PM468146345; RB	Reservation	23908158
BRIONY4, EEEBY8 LINUS7 / DELPHINE5, ALDER6 BRAMWELL7		THB	0	115	HB4F8	Y	N	0		208		T- Standard Tour Co.,	25-08-26	29-08-26	TWB	1	CA	0	23908156	0	0	Mr.	TGLL		2508TPSTAN	*DELPHINE5,PO VERITY8,Mr.	DELPHINE5 PO VERITY8			22152986		0			0	1	0	HB4F8	4	RES	PM468146345; RB	Reservation	23908156
LO, JORAH9 HALLORAN7		THB	1600	90	HB4F8	Y	N	1		209		T- Standard Tour Co.,	25-08-26	29-08-26	TWBBC	1	CA	0	23866970	0	2	Mr.	TGLL		2508TPSTAN	*LO,TAMSIN9 GARROW4,Mr.	LO TAMSIN9 GARROW4			22153938		0			0	1	0	HB4F8	4	RES	PM468146345; RB	Reservation	23866970
LO, TAMSIN9 GARROW4		THB	0	126	HB4F8	Y	N	0		209		T- Standard Tour Co.,	25-08-26	29-08-26	TWBBC	1	CA	0	23908295	0	0	Ch.	TGLL		2508TPSTAN	*LO,JORAH9 HALLORAN7,Ch.	LO JORAH9 HALLORAN7			22153958		0			0	1	0	HB4F8	4	RES	PM468146345; RB	Reservation	23908295
VERITY8, I OAKHURST4 / LO, YI GARROW6		THB	2600	87	HB4F8	Y	N	1		210		T- Standard Tour Co.,	25-08-26	29-08-26	TWB	1	CA	0	23866967	0	3	Ms.	TGLL		2508TPSTAN	*WU,LI TAMSIN6,Ms.	WU LI TAMSIN6			22154022		0			0	1	0	HB4F8	4	RES	PM468146345; RB	Reservation	23866967
WU, LI TAMSIN6 / LO, YI GARROW6		THB	0	129	HB4F8	Y	N	0		210		T- Standard Tour Co.,	25-08-26	29-08-26	TWB	1	CA	0	23908393	0	0	Ch.	TGLL		2508TPSTAN	*VERITY8,I OAKHURST4,Ch.	VERITY8 I OAKHURST4			22154083		0			0	1	0	HB4F8	4	RES	PM468146345; RB	Reservation	23908393
WU, LI TAMSIN6 / VERITY8, I OAKHURST4		THB	0	127	HB4F8	Y	N	0		210		T- Standard Tour Co.,	25-08-26	29-08-26	TWB	1	CA	0	23908297	0	0	Ch.	TGLL		2508TPSTAN	*LO,YI GARROW6,Ch.	LO YI GARROW6			22154033		0			0	1	0	HB4F8	4	RES	PM468146345; RB	Reservation	23908297
		THB	1600	75	HB4F8	N	N	1		211		T- Standard Tour Co.,	25-08-26	29-08-26	KGBBC	1	CA	0	23866947	0	1	Mr.	TGLL		2508TPSTAN	WU,PEREGRINE4 YARROW7,Mr.	WU PEREGRINE4 YARROW7			22155102		0			0	1	0	HB4F8	4	RES	PM468146345; RB	Reservation	23866947
DELPHINE5, TAMSIN8 GRANTHAM7 / DELPHINE5, BELLAMY8 DELPHINE5		THB	2600	88	HB4F8	Y	N	1		212		T- Standard Tour Co.,	25-08-26	29-08-26	TWB	1	CA	0	23866968	0	3	Ms.	TGLL		2508TPSTAN	*INGERSOLL6,FABLE5 RATHBONE7,Ms.	INGERSOLL6 FABLE5 RATHBONE7			22153606		0			0	1	0	HB4F8	4	RES	PM468146345; RB	Reservation	23866968
DELPHINE5, TAMSIN8 GRANTHAM7 / INGERSOLL6, FABLE5 RATHBONE7		THB	0	124	HB4F8	Y	N	0		212		T- Standard Tour Co.,	25-08-26	29-08-26	TWB	1	CA	0	23908238	0	0	Ch.	TGLL		2508TPSTAN	*DELPHINE5,BELLAMY8 DELPHINE5,Ch.	DELPHINE5 BELLAMY8 DELPHINE5			22153584		0			0	1	0	HB4F8	4	RES	PM468146345; RB	Reservation	23908238
INGERSOLL6, FABLE5 RATHBONE7 / DELPHINE5, BELLAMY8 DELPHINE5		THB	0	123	HB4F8	Y	N	0		212		T- Standard Tour Co.,	25-08-26	29-08-26	TWB	1	CA	0	23908234	0	0	Ms.	TGLL		2508TPSTAN	*DELPHINE5,TAMSIN8 GRANTHAM7,Ms.	DELPHINE5 TAMSIN8 GRANTHAM7			22153597		0			0	1	0	HB4F8	4	RES	PM468146345; RB	Reservation	23908234
FABLE4, PEREGRINE6 RU		THB	1600	91	HB4F8	Y	N	1		213		T- Standard Tour Co.,	25-08-26	29-08-26	TWBBC	1	CA	0	23866971	0	2	Mr.	TGLL		2508TPSTAN	*VERITY8,RATHBONE5 BRIONY8,Mr.	VERITY8 RATHBONE5 BRIONY8			22153541		0			0	1	0	HB4F8	4	RES	PM468146345; RB	Reservation	23866971
VERITY8, RATHBONE5 BRIONY8		THB	0	120	HB4F8	Y	N	0		213		T- Standard Tour Co.,	25-08-26	29-08-26	TWBBC	1	CA	0	23908220	0	0	Ms.	TGLL		2508TPSTAN	*FABLE4,PEREGRINE6 RU,Ms.	FABLE4 PEREGRINE6 RU			22153551		0			0	1	0	HB4F8	4	RES	PM468146345; RB	Reservation	23908220
FABLE4, RATHBONE5 THACKERY7 / INGERSOLL6, FABLE5 RATHBONE7		THB	2600	68	HB4F8	Y	N	1		214		T- Standard Tour Co.,	25-08-26	29-08-26	TWB	1	CA	0	23570169	0	3	Ms.	TGLL		2508TPSTAN	*GRANTHAM7,I IVORSON5,Ms.	GRANTHAM7 I IVORSON5			22153559		0			0	1	0	HB4F8	4	RES	PM468146345; RB	Reservation	23570169
FABLE4, RATHBONE5 THACKERY7 / GRANTHAM7, I IVORSON5		THB	0	122	HB4F8	Y	N	0		214		T- Standard Tour Co.,	25-08-26	29-08-26	TWB	1	CA	0	23908227	0	0	Ms.	TGLL		2508TPSTAN	*INGERSOLL6,FABLE5 RATHBONE7,Ms.	INGERSOLL6 FABLE5 RATHBONE7			22153606		0			0	1	0	HB4F8	4	RES	PM468146345; RB	Reservation	23908227
GRANTHAM7, I IVORSON5 / INGERSOLL6, FABLE5 RATHBONE7		THB	0	121	HB4F8	Y	N	0		214		T- Standard Tour Co.,	25-08-26	29-08-26	TWB	1	CA	0	23908226	0	0	Ms.	TGLL		2508TPSTAN	*FABLE4,RATHBONE5 THACKERY7,Ms.	FABLE4 RATHBONE5 THACKERY7			22153569		0			0	1	0	HB4F8	4	RES	PM468146345; RB	Reservation	23908226
		THB	1600	76	HB4F8	N	N	1		215		T- Standard Tour Co.,	25-08-26	29-08-26	KGBBC	1	CA	0	23866953	0	2	Mr.	TGLL		2508TPSTAN	ALDER8,UNDERHILL8 NOLAN8,Mr.	ALDER8 UNDERHILL8 NOLAN8			22154234		0			0	1	0	HB4F8	4	RES	PM468146345; RB	Reservation	23866953
JORAH6, YARROW7 MARCHETTI4		THB	0	100	HB4F8	Y	N	0		217		T- Standard Tour Co.,	25-08-26	29-08-26	TWBBC	1	CA	0	23907438	0	0	Mr.	TGLL		2508TPSTAN	*VERITY4,YI,Mr.	VERITY4 YI			22154222		0			0	1	0	HB4F8	4	RES	PM468146345; RB	Reservation	23907438
VERITY4, YI		THB	1600	164	HB4F8	Y	N	1		217		T- Standard Tour Co.,	25-08-26	29-08-26	TWBBC	1	CA	480	23866972	0	2	Mr.	TGLL		2508TPSTAN	*JORAH6,YARROW7 MARCHETTI4,Mr.	JORAH6 YARROW7 MARCHETTI4			22154211		0			0	1	0	HB4F8	4	RES	PM468146345; RB	Reservation	23866972
		THB	1800	32	HB4F8	N	N	1		219		T- Chiangmai Sky Trav	24-08-26	28-08-26	KGBBC	1	FBTF	5400	23857702	0	2	Mr.	LDR			HU,PEMBERTON7 FABLE4,Mr.	HU PEMBERTON7 FABLE4			22148633		0			0	2	0	HB4F8	1	GEN	Email missing in hadrian9 booking details. Add it to enrich hadrian9 customer profile.	General	23857702
		THB	1800	32	HB4F8	N	N	1		219		T- Chiangmai Sky Trav	24-08-26	28-08-26	KGBBC	1	FBTF	5400	23857702	0	2	Mr.	LDR			HU,PEMBERTON7 FABLE4,Mr.	HU PEMBERTON7 FABLE4			22148633		0			0	2	0	HB4F8	2	GEN	COA RB AT 1,800 ELLERY8	General	23857702
DELPHINE5, PEMBERTON5 TI		THB	1600	92	HB4F8	Y	N	1		221		T- Standard Tour Co.,	25-08-26	29-08-26	TWBBC	1	CA	0	23866973	0	2	Ms.	TGLL		2508TPSTAN	*BRIONY4,LI BRIONY6,Ms.	BRIONY4 LI BRIONY6			22154162		0			0	1	0	HB4F8	4	RES	PM468146345; RB	Reservation	23866973
BRIONY4, LI BRIONY6		THB	0	102	HB4F8	Y	N	0		221		T- Standard Tour Co.,	25-08-26	29-08-26	TWBBC	1	CA	0	23907658	0	0	Ms.	TGLL		2508TPSTAN	*DELPHINE5,PEMBERTON5 TI,Ms.	DELPHINE5 PEMBERTON5 TI			22154192		0			0	1	0	HB4F8	4	RES	PM468146345; RB	Reservation	23907658
CALDER4, I YARROW5		THB	1600	77	HB4F8	Y	N	1		223		T- Standard Tour Co.,	25-08-26	29-08-26	KGBBC	1	CA	0	23866954	0	2	Mr.	TGLL		2508TPSTAN	*GRANTHAM7,RATHBONE5 VERITY8,Mr.	GRANTHAM7 RATHBONE5 VERITY8			22153776		0			0	1	0	HB4F8	4	RES	PM468146345; RB	Reservation	23866954
GRANTHAM7, RATHBONE5 VERITY8		THB	0	128	HB4F8	Y	N	0		223		T- Standard Tour Co.,	25-08-26	29-08-26	KGBBC	1	CA	0	23908376	0	0	Ms.	TGLL		2508TPSTAN	*CALDER4,I YARROW5,Ms.	CALDER4 I YARROW5			22153821		0			0	1	0	HB4F8	4	RES	PM468146345; RB	Reservation	23908376
FARRIDAY6, MARCHETTI8 INGERSOLL4		THB	0	101	HB4F8	Y	N	0		225		T- Standard Tour Co.,	25-08-26	29-08-26	TWBBC	1	CA	0	23907445	0	0	Ms.	TGLL		2508TPSTAN	*JESSAMY4,GARROW4 UNDERHILL8,Ms.	JESSAMY4 GARROW4 UNDERHILL8			22154325		0			0	1	0	HB4F8	4	RES	PM468146345; RB	Reservation	23907445
JESSAMY4, GARROW4 UNDERHILL8		THB	1600	165	HB4F8	Y	N	1		225		T- Standard Tour Co.,	25-08-26	29-08-26	TWBBC	1	CA	0	23866974	0	2	Ms.	TGLL		2508TPSTAN	*FARRIDAY6,MARCHETTI8 INGERSOLL4,Ms.	FARRIDAY6 MARCHETTI8 INGERSOLL4			22154315		0			0	1	0	HB4F8	4	RES	PM468146345; RB	Reservation	23866974
NORBURY5, DELPHINE5 YU		THB	1600	78	HB4F8	Y	N	1		227		T- Standard Tour Co.,	25-08-26	29-08-26	KGBBC	1	CA	0	23866955	0	2	Ms.	TGLL		2508TPSTAN	*KU,NOLAN7 YU,Ms.	KU NOLAN7 YU			22153653		0			0	1	0	HB4F8	4	RES	PM468146345; RB	Reservation	23866955
KU, NOLAN7 YU		THB	0	125	HB4F8	Y	N	0		227		T- Standard Tour Co.,	25-08-26	29-08-26	KGBBC	1	CA	0	23908278	0	0	Mr.	TGLL		2508TPSTAN	*NORBURY5,DELPHINE5 YU,Mr.	NORBURY5 DELPHINE5 YU			22153665		0			0	1	0	HB4F8	4	RES	PM468146345; RB	Reservation	23908278
BRAMWELL3, ROSALIND4 RATHBONE5		THB	1600	93	HB4F8	Y	N	1		228		T- Standard Tour Co.,	25-08-26	29-08-26	TWBBC	1	CA	0	23866975	0	2	Mr.	TGLL		2508TPSTAN	*FARRIDAY6,PO PEREGRINE9,Mr.	FARRIDAY6 PO PEREGRINE9			22155087		0			0	1	0	HB4F8	4	RES	PM468146345; RB	Reservation	23866975
FARRIDAY6, PO PEREGRINE9		THB	0	103	HB4F8	Y	N	0		228		T- Standard Tour Co.,	25-08-26	29-08-26	TWBBC	1	CA	0	23907708	0	0	Mr.	TGLL		2508TPSTAN	*BRAMWELL3,ROSALIND4 RATHBONE5,Mr.	BRAMWELL3 ROSALIND4 RATHBONE5			22155095		0			0	1	0	HB4F8	4	RES	PM468146345; RB	Reservation	23907708
ROSALIND8, I LINUS7		THB	1600	79	HB4F8	Y	N	1		229		T- Standard Tour Co.,	25-08-26	29-08-26	KGBBC	1	CA	0	23866956	0	2	Ch.	TGLL		2508TPSTAN	*ROSALIND8,YA LE,Ch.	ROSALIND8 YA LE			22153613		0			0	1	0	HB4F8	4	RES	PM468146345; RB	Reservation	23866956
ROSALIND8, YA LE		THB	0	113	HB4F8	Y	N	0		229		T- Standard Tour Co.,	25-08-26	29-08-26	KGBBC	1	CA	0	23908080	0	0	Ms.	TGLL		2508TPSTAN	*ROSALIND8,I LINUS7,Ms.	ROSALIND8 I LINUS7			22153618		0			0	1	0	HB4F8	4	RES	PM468146345; RB	Reservation	23908080
CALDER4, NOLAN8 ASHCOMBE7		THB	1600	89	HB4F8	Y	N	1		230		T- Standard Tour Co.,	25-08-26	29-08-26	TWBBC	1	CA	0	23866969	0	2	Ms.	TGLL		2508TPSTAN	*JORAH6,JORAH9 JARROW7,Ms.	JORAH6 JORAH9 JARROW7			22154995		0			0	1	0	HB4F8	4	RES	PM468146345; RB	Reservation	23866969
JORAH6, JORAH9 JARROW7		THB	0	107	HB4F8	Y	N	0		230		T- Standard Tour Co.,	25-08-26	29-08-26	TWBBC	1	CA	0	23907742	0	0	Mr.	TGLL		2508TPSTAN	*CALDER4,NOLAN8 ASHCOMBE7,Mr.	CALDER4 NOLAN8 ASHCOMBE7			22155002		0			0	1	0	HB4F8	4	RES	PM468146345; RB	Reservation	23907742
		THB	1368	9	HB4F8	N	N	1	SMSKO	231	3	C- Accorhotel.com	26-08-26	28-08-26	SDDMV	1	MC	-1623.81	22194918	0	2	Khun	SUPERS			Kelbrook,Alder2,Khun	KELBROOK ALDER2			20418552	SMSKO	0		SMSKO	0	3	0	HB4F8	2	RES	BURN19350166QBHX THB1519.48	Reservation	22194918
		THB	1368	9	HB4F8	N	N	1	SMSKO	231	3	C- Accorhotel.com	26-08-26	28-08-26	SDDMV	1	MC	-1623.81	22194918	0	2	Khun	SUPERS			Kelbrook,Alder2,Khun	KELBROOK ALDER2			20418552	SMSKO	0		SMSKO	0	3	0	HB4F8	2	RES	**Check Pref**	Reservation	22194918
		THB	1368	9	HB4F8	N	N	1	SMSKO	231	3	C- Accorhotel.com	26-08-26	28-08-26	SDDMV	1	MC	-1623.81	22194918	0	2	Khun	SUPERS			Kelbrook,Alder2,Khun	KELBROOK ALDER2			20418552	SMSKO	0		SMSKO	0	3	0	HB4F8	2	RES	GA COMP BF AT 1,368+++
BURN19350166QBHX THB1519.48	Reservation	22194918
		THB	2450	156	HB4F8	N	N	1		232		C- Accorhotel.com	27-08-26	28-08-26	TWB	1	MC	-2909	23939653	0	1	Mr.	RA1			Bramwell5,Norbury5,Mr.	BRAMWELL5 NORBURY5			22240609		0			0	2	0	HB4F8	1	GEN	Email missing in hadrian9 booking details. Add it to enrich hadrian9 customer profile.	General	23939653
		THB	2450	156	HB4F8	N	N	1		232		C- Accorhotel.com	27-08-26	28-08-26	TWB	1	MC	-2909	23939653	0	1	Mr.	RA1			Bramwell5,Norbury5,Mr.	BRAMWELL5 NORBURY5			22240609		0			0	2	0	HB4F8	4	RES	GA RO AT 2,450+++	Reservation	23939653
		THB	1800	16	HB4F8	N	N	1		234		T- Chiangmai Sky Trav	24-08-26	28-08-26	KGBBC	1	FBTF	-30600	23455103	0	2	Mr.	LDR			KO,MARCHETTI4 INGERSOLL4,Mr.	KO MARCHETTI4 INGERSOLL4			22148653		0			0	2	0	HB4F8	1	GEN	Email missing in hadrian9 booking details. Add it to enrich hadrian9 customer profile.	General	23455103
		THB	1800	16	HB4F8	N	N	1		234		T- Chiangmai Sky Trav	24-08-26	28-08-26	KGBBC	1	FBTF	-30600	23455103	0	2	Mr.	LDR			KO,MARCHETTI4 INGERSOLL4,Mr.	KO MARCHETTI4 INGERSOLL4			22148653		0			0	2	0	HB4F8	2	GEN	COA RB AT 1,800 ELLERY8	General	23455103
FENWICK5, WHITLOCK2		THB	1600	82	HB4F8	Y	N	1		236		T- Standard Tour Co.,	25-08-26	29-08-26	KGBBC	1	CA	0	23866961	0	2	Mr.	TGLL		2508TPSTAN	*HADRIAN8,VERITY6 VASQUEZ5,Mr.	HADRIAN8 VERITY6 VASQUEZ5			22153393		0			0	1	0	HB4F8	4	RES	PM468146345; RB	Reservation	23866961
HADRIAN8, VERITY6 VASQUEZ5		THB	0	119	HB4F8	Y	N	0		236		T- Standard Tour Co.,	25-08-26	29-08-26	KGBBC	1	CA	0	23908202	0	0	Ms.	TGLL		2508TPSTAN	*FENWICK5,WHITLOCK2,Ms.	FENWICK5 WHITLOCK2			22153399		0			0	1	0	HB4F8	4	RES	PM468146345; RB	Reservation	23908202
		THB	1800	30	HB4F8	N	N	1		237		T- Chiangmai Sky Trav	24-08-26	28-08-26	KGBBC	1	FBTF	5400	23857699	0	2	Mr.	LDR			KO,ZEPHYR4 LINUS9,Mr.	KO ZEPHYR4 LINUS9			22148659		0			0	2	0	HB4F8	1	GEN	Email missing in hadrian9 booking details. Add it to enrich hadrian9 customer profile.	General	23857699
		THB	1800	30	HB4F8	N	N	1		237		T- Chiangmai Sky Trav	24-08-26	28-08-26	KGBBC	1	FBTF	5400	23857699	0	2	Mr.	LDR			KO,ZEPHYR4 LINUS9,Mr.	KO ZEPHYR4 LINUS9			22148659		0			0	2	0	HB4F8	2	GEN	COA RB AT 1,800 ELLERY8	General	23857699
HADRIAN8, LINUS9 ELLERY4		THB	1600	83	HB4F8	Y	N	1		239		T- Standard Tour Co.,	25-08-26	29-08-26	KGBBC	1	CA	0	23866962	0	2	Ms.	TGLL		2508TPSTAN	*UNDERHILL6,BELLAMY6 HADRIAN6,Ms.	UNDERHILL6 BELLAMY6 HADRIAN6			22153374		0			0	1	0	HB4F8	4	RES	PM468146345; RB	Reservation	23866962
UNDERHILL6, BELLAMY6 HADRIAN6		THB	0	118	HB4F8	Y	N	0		239		T- Standard Tour Co.,	25-08-26	29-08-26	KGBBC	1	CA	0	23908194	0	0	Mr.	TGLL		2508TPSTAN	*HADRIAN8,LINUS9 ELLERY4,Mr.	HADRIAN8 LINUS9 ELLERY4			22153382		0			0	1	0	HB4F8	4	RES	PM468146345; RB	Reservation	23908194
		THB	1890	169	HB4F8	N	N	1		241		C- KAUTEX BERTRAM3 GMB
T- BERTRAM3 CRANFIELD3 NORBURY7	23-08-26	04-09-26	KGBBC	1	MC	9455.78	23655605	0	1	Mr.	RB1D10			Palmer,Stephen Allen,Mr.	PALMER STEPHEN ALLEN			21944272		0			0	2	0	HB4F8	2	RES	King, Nonsmoking	Reservation	23655605
		THB	1890	169	HB4F8	N	N	1		241		C- KAUTEX BERTRAM3 GMB
T- BERTRAM3 CRANFIELD3 NORBURY7	23-08-26	04-09-26	KGBBC	1	MC	9455.78	23655605	0	1	Mr.	RB1D10			Palmer,Stephen Allen,Mr.	PALMER STEPHEN ALLEN			21944272		0			0	2	0	HB4F8	4	RES	GA RB AT 1,935+++ ON 23/8
AT 1,845+++ ON 24-25,28/8
AT 1,890+++ ON 26-27,31/8
AT 1,980+++ ON 29/8
AT 1,800+++ ON 30/8,3/9
AT 1,575+++ ON 1/9
AT 1,665+++ ON 2/9	Reservation	23655605
HADRIAN8, EEEBY8 LINUS7		THB	1600	84	HB4F8	Y	N	1		243		T- Standard Tour Co.,	25-08-26	29-08-26	KGBBC	1	CA	0	23866963	0	2	Mr.	TGLL		2508TPSTAN	*HO,MARCHETTI4 LANMORE3,Mr.	HO MARCHETTI4 LANMORE3			22153342		0			0	1	0	HB4F8	4	RES	PM468146345; RB	Reservation	23866963
HO, MARCHETTI4 LANMORE3		THB	0	112	HB4F8	Y	N	0		243		T- Standard Tour Co.,	25-08-26	29-08-26	KGBBC	1	CA	0	23908032	0	0	Ms.	TGLL		2508TPSTAN	*HADRIAN8,EEEBY8 LINUS7,Ms.	HADRIAN8 EEEBY8 LINUS7			22153356		0			0	1	0	HB4F8	4	RES	PM468146345; RB	Reservation	23908032
		THB	1800	31	HB4F8	N	N	1		245		T- Chiangmai Sky Trav	24-08-26	28-08-26	KGBBC	1	FBTF	5400	23857700	0	2	Mr.	LDR			DELPHINE5,EASTWICK5 BRIONY7,Mr.	DELPHINE5 EASTWICK5 BRIONY7			22148668		0			0	2	0	HB4F8	1	GEN	Email missing in hadrian9 booking details. Add it to enrich hadrian9 customer profile.	General	23857700
		THB	1800	31	HB4F8	N	N	1		245		T- Chiangmai Sky Trav	24-08-26	28-08-26	KGBBC	1	FBTF	5400	23857700	0	2	Mr.	LDR			DELPHINE5,EASTWICK5 BRIONY7,Mr.	DELPHINE5 EASTWICK5 BRIONY7			22148668		0			0	2	0	HB4F8	2	GEN	COA RB AT 1,800 ELLERY8	General	23857700
		THB	2052	36	HB4F8	N	N	1	SMSKO	246		T- CTRIP INTERNATIONA	25-08-26	28-08-26	KGB	1	VA	4871.44	23886403	1	1	Ms.	FLMRB1			Ivorson7,Ivorson3,Ms.	IVORSON7 IVORSON3			22188204	SMSKO	0		SMSKO	0	6	0	HB4F8	1	GEN	Non-ALL member guest with a non-eligible stay: Invite them to sign up to enjoy benefits ferris6 their next booking.	General	23886403
		THB	2052	36	HB4F8	N	N	1	SMSKO	246		T- CTRIP INTERNATIONA	25-08-26	28-08-26	KGB	1	VA	4871.44	23886403	1	1	Ms.	FLMRB1			Ivorson7,Ivorson3,Ms.	IVORSON7 IVORSON3			22188204	SMSKO	0		SMSKO	0	6	0	HB4F8	2	RES	P:CoinPlus(THB 7307.16);VCC Amount: THB 7307.16, paid by Trip.com(EML: vcc@trip.com);Thackery3 charge VCC between 2026-08-24 00:00:00 - 2027-02-24 00:00:00(local time).(EML: vcc@trip.com)	Reservation	23886403
		THB	2052	36	HB4F8	N	N	1	SMSKO	246		T- CTRIP INTERNATIONA	25-08-26	28-08-26	KGB	1	VA	4871.44	23886403	1	1	Ms.	FLMRB1			Ivorson7,Ivorson3,Ms.	IVORSON7 IVORSON3			22188204	SMSKO	0		SMSKO	0	6	0	HB4F8	2	RES	Ellery8 amounts - discount already deducted	Reservation	23886403
		THB	2052	36	HB4F8	N	N	1	SMSKO	246		T- CTRIP INTERNATIONA	25-08-26	28-08-26	KGB	1	VA	4871.44	23886403	1	1	Ms.	FLMRB1			Ivorson7,Ivorson3,Ms.	IVORSON7 IVORSON3			22188204	SMSKO	0		SMSKO	0	6	0	HB4F8	2	RES	Children Age: 2 year(s) old	Reservation	23886403
		THB	2052	36	HB4F8	N	N	1	SMSKO	246		T- CTRIP INTERNATIONA	25-08-26	28-08-26	KGB	1	VA	4871.44	23886403	1	1	Ms.	FLMRB1			Ivorson7,Ivorson3,Ms.	IVORSON7 IVORSON3			22188204	SMSKO	0		SMSKO	0	6	0	HB4F8	2	RES	**Check Pref**	Reservation	23886403
		THB	2052	36	HB4F8	N	N	1	SMSKO	246		T- CTRIP INTERNATIONA	25-08-26	28-08-26	KGB	1	VA	4871.44	23886403	1	1	Ms.	FLMRB1			Ivorson7,Ivorson3,Ms.	IVORSON7 IVORSON3			22188204	SMSKO	0		SMSKO	0	6	0	HB4F8	4	RES	VCC RB AT 2,052+++	Reservation	23886403
		THB	1800	154	HB4F8	N	N	1		247		T- Chiangmai Sky Trav	24-08-26	28-08-26	KGBBC	1	FBTF	5400	23857701	0	2	Mr.	LDR			JESSAMY6,BRAMWELL7 IVORSON5,Mr.	JESSAMY6 BRAMWELL7 IVORSON5			22148680		0			0	2	0	HB4F8	1	GEN	Email missing in hadrian9 booking details. Add it to enrich hadrian9 customer profile.	General	23857701
		THB	1800	154	HB4F8	N	N	1		247		T- Chiangmai Sky Trav	24-08-26	28-08-26	KGBBC	1	FBTF	5400	23857701	0	2	Mr.	LDR			JESSAMY6,BRAMWELL7 IVORSON5,Mr.	JESSAMY6 BRAMWELL7 IVORSON5			22148680		0			0	2	0	HB4F8	2	GEN	COA RB AT 1,800 ELLERY8	General	23857701
		THB	1550	155	HB4F8	N	N	1		248		T- CTRIP INTERNATIONA	25-08-26	28-08-26	TWB	1	VA	3100	23892535	0	2	Mr.	TRIPRO			Ivorson7,Farriday6,Mr.	IVORSON7 FARRIDAY6			22193346		0			0	2	0	HB4F8	1	GEN	Email missing in hadrian9 booking details. Add it to enrich hadrian9 customer profile.	General	23892535
		THB	1550	155	HB4F8	N	N	1		248		T- CTRIP INTERNATIONA	25-08-26	28-08-26	TWB	1	VA	3100	23892535	0	2	Mr.	TRIPRO			Ivorson7,Farriday6,Mr.	IVORSON7 FARRIDAY6			22193346		0			0	2	0	HB4F8	2	GEN	VCC RO AT 1550 ELLERY8	General	23892535
		THB	1800	148	HB4F8	N	N	1	SMSKO	249		C- KAUTEX BERTRAM3 GMB
T- BERTRAM3 CRANFIELD3 NORBURY7	23-08-26	03-09-26	KGBBC	1	MC	8546.4	23494408	0	1	Mr.	RB1D10			Schaller,Quillon R,Mr.	SCHALLER QUILLON R			21774586	SMSKO	0		SMSKO	0	3	0	HB4F8	2	RES	**Check Pref**	Reservation	23494408
		THB	1800	148	HB4F8	N	N	1	SMSKO	249		C- KAUTEX BERTRAM3 GMB
T- BERTRAM3 CRANFIELD3 NORBURY7	23-08-26	03-09-26	KGBBC	1	MC	8546.4	23494408	0	1	Mr.	RB1D10			Schaller,Quillon R,Mr.	SCHALLER QUILLON R			21774586	SMSKO	0		SMSKO	0	3	0	HB4F8	2	RES	Request : Early check in, Queen, Nonsmoking	Reservation	23494408
		THB	1800	148	HB4F8	N	N	1	SMSKO	249		C- KAUTEX BERTRAM3 GMB
T- BERTRAM3 CRANFIELD3 NORBURY7	23-08-26	03-09-26	KGBBC	1	MC	8546.4	23494408	0	1	Mr.	RB1D10			Schaller,Quillon R,Mr.	SCHALLER QUILLON R			21774586	SMSKO	0		SMSKO	0	3	0	HB4F8	4	RES	GA RB AT 1,800+++ ON 23-31/8
AT 1,530+++ ON 1-2/9	Reservation	23494408
Fable6, Eeeby4 Bertram6		THB	1260	62	HB4F8	Y	N	1	SMSKO	251		C- HEARTISTS FRIENDS 	23-08-26	29-08-26	KGBBC	1	VA	-2291.52	22507357	0	2	Ms.	ACOFF			*Zeller8,Hadrian7 Verity7,Ms.	ZELLER8 HADRIAN7 VERITY7	14:00		20739356	SMSKO	0		SMSKO	0	2	0	HB4F8	2	RES	**Check Pref**	Reservation	22507357
Fable6, Eeeby4 Bertram6		THB	1260	62	HB4F8	Y	N	1	SMSKO	251		C- HEARTISTS FRIENDS 	23-08-26	29-08-26	KGBBC	1	VA	-2291.52	22507357	0	2	Ms.	ACOFF			*Zeller8,Hadrian7 Verity7,Ms.	ZELLER8 HADRIAN7 VERITY7	14:00		20739356	SMSKO	0		SMSKO	0	2	0	HB4F8	4	RES	GA RO AT 1,260+++	Reservation	22507357
Zeller8, Hadrian7 Verity7		THB	0	74	HB4F8	Y	N	0	SMSKO	251		C- HEARTISTS FRIENDS 	23-08-26	29-08-26	KGBBC	1	CA	0	23858914	0	0	Mr.	ACOFF			*Fable6,Eeeby4 Bertram6,Mr.	FABLE6 EEEBY4 BERTRAM6			22160994	SMSKO	0		SMSKO	0	3	0	HB4F8	1	GEN	Email missing in hadrian9 booking details. Add it to enrich hadrian9 customer profile.	General	23858914
Zeller8, Hadrian7 Verity7		THB	0	74	HB4F8	Y	N	0	SMSKO	251		C- HEARTISTS FRIENDS 	23-08-26	29-08-26	KGBBC	1	CA	0	23858914	0	0	Mr.	ACOFF			*Fable6,Eeeby4 Bertram6,Mr.	FABLE6 EEEBY4 BERTRAM6			22160994	SMSKO	0		SMSKO	0	3	0	HB4F8	2	RES	**Check Pref**	Reservation	23858914
Zeller8, Hadrian7 Verity7		THB	0	74	HB4F8	Y	N	0	SMSKO	251		C- HEARTISTS FRIENDS 	23-08-26	29-08-26	KGBBC	1	CA	0	23858914	0	0	Mr.	ACOFF			*Fable6,Eeeby4 Bertram6,Mr.	FABLE6 EEEBY4 BERTRAM6			22160994	SMSKO	0		SMSKO	0	3	0	HB4F8	4	RES	GA RO AT 1,260+++	Reservation	23858914
		THB	1935	20	HB4F8	N	N	1	SMSKO	256		C- GE Healthcare Glob
T- WHITLOCK4 VASQUEZ7	26-08-26	28-08-26	TWB	1	MC	-2296.84	23725427	0	1	Khun	R1D14			Asavatawekul,Chayanee,Khun	ASAVATAWEKUL CHAYANEE			17233259	SMSKO	0		SMSKO	1	2	0	HB4F8	2	RES	**Check Pref**	Reservation	23725427
		THB	1935	20	HB4F8	N	N	1	SMSKO	256		C- GE Healthcare Glob
T- WHITLOCK4 VASQUEZ7	26-08-26	28-08-26	TWB	1	MC	-2296.84	23725427	0	1	Khun	R1D14			Asavatawekul,Chayanee,Khun	ASAVATAWEKUL CHAYANEE			17233259	SMSKO	0		SMSKO	1	2	0	HB4F8	4	RES	GA RO AT 1,978+++ ON 26/8
AT 1,935+++ ON 27/8	Reservation	23725427
Fable3, Bellamy2		THB	1384	135	HB4F8	Y	N	1		257		T- AGODA COMPANY PTE 	27-08-26	30-08-26	KGBBC	1	MC	-4928.43	23296090	0	2	Khun	FLSUP			*Zeller2,Ferris2,Khun	ZELLER2 FERRIS2			21563066		0			0	3	0	HB4F8	1	GEN	Email missing in hadrian9 booking details. Add it to enrich hadrian9 customer profile.	General	23296090
Fable3, Bellamy2		THB	1384	135	HB4F8	Y	N	1		257		T- AGODA COMPANY PTE 	27-08-26	30-08-26	KGBBC	1	MC	-4928.43	23296090	0	2	Khun	FLSUP			*Zeller2,Ferris2,Khun	ZELLER2 FERRIS2			21563066		0			0	3	0	HB4F8	2	RES	NonSmoke, QuietRoom, ArrivalTime:08 00 - 09 00, AdditionalNotes:Thai. Requesting Car parking.-Ellery8 amounts - discount already deducted	Reservation	23296090
Fable3, Bellamy2		THB	1384	135	HB4F8	Y	N	1		257		T- AGODA COMPANY PTE 	27-08-26	30-08-26	KGBBC	1	MC	-4928.43	23296090	0	2	Khun	FLSUP			*Zeller2,Ferris2,Khun	ZELLER2 FERRIS2			21563066		0			0	3	0	HB4F8	4	RES	VCC RO AT 1,384+++	Reservation	23296090
Zeller2, Ferris2		THB	0	137	HB4F8	Y	N	0		257		T- AGODA COMPANY PTE 	27-08-26	30-08-26	KGBBC	1	CA	0	23942730	0	0	Khun	FLSUP			*Fable3,Bellamy2,Khun	FABLE3 BELLAMY2			22243941		0			0	3	0	HB4F8	1	GEN	Email missing in hadrian9 booking details. Add it to enrich hadrian9 customer profile.	General	23942730
Zeller2, Ferris2		THB	0	137	HB4F8	Y	N	0		257		T- AGODA COMPANY PTE 	27-08-26	30-08-26	KGBBC	1	CA	0	23942730	0	0	Khun	FLSUP			*Fable3,Bellamy2,Khun	FABLE3 BELLAMY2			22243941		0			0	3	0	HB4F8	2	RES	NonSmoke, QuietRoom, ArrivalTime:08 00 - 09 00, AdditionalNotes:Thai. Requesting Car parking.-Ellery8 amounts - discount already deducted	Reservation	23942730
Zeller2, Ferris2		THB	0	137	HB4F8	Y	N	0		257		T- AGODA COMPANY PTE 	27-08-26	30-08-26	KGBBC	1	CA	0	23942730	0	0	Khun	FLSUP			*Fable3,Bellamy2,Khun	FABLE3 BELLAMY2			22243941		0			0	3	0	HB4F8	4	RES	VCC RO AT 1,384+++	Reservation	23942730
Ivorson7, Bertram5		THB	2052	94	HB4F8	Y	N	1	QTR,SMSKO	303		T- CTRIP INTERNATIONA	25-08-26	29-08-26	TWBBC	1	VA	-4871.42	23887304	0	2	Ms.	FLMRB1	UPR		*Zephyr8,Rosalind5,Ms.	ZEPHYR8 ROSALIND5			22189547	QTR,SMSKO	0	Upgrade Requested	QTR,SMSKO	0	5	0	HB4F8	1	GEN	Non-ALL member guest with a non-eligible stay: Invite them to sign up to enjoy benefits ferris6 their next booking.	General	23887304
Ivorson7, Bertram5		THB	2052	94	HB4F8	Y	N	1	QTR,SMSKO	303		T- CTRIP INTERNATIONA	25-08-26	29-08-26	TWBBC	1	VA	-4871.42	23887304	0	2	Ms.	FLMRB1	UPR		*Zephyr8,Rosalind5,Ms.	ZEPHYR8 ROSALIND5			22189547	QTR,SMSKO	0	Upgrade Requested	QTR,SMSKO	0	5	0	HB4F8	2	RES	**Check Pref**	Reservation	23887304
Ivorson7, Bertram5		THB	2052	94	HB4F8	Y	N	1	QTR,SMSKO	303		T- CTRIP INTERNATIONA	25-08-26	29-08-26	TWBBC	1	VA	-4871.42	23887304	0	2	Ms.	FLMRB1	UPR		*Zephyr8,Rosalind5,Ms.	ZEPHYR8 ROSALIND5			22189547	QTR,SMSKO	0	Upgrade Requested	QTR,SMSKO	0	5	0	HB4F8	2	RES	P:CoinPlus(THB 9742.88);VCC Amount: THB 9742.88, paid by Trip.com(EML: vcc@trip.com);Thackery3 charge VCC between 2026-08-24 00:00:00 - 2027-02-25 00:00:00(local time).(EML: vcc@trip.com)	Reservation	23887304
Ivorson7, Bertram5		THB	2052	94	HB4F8	Y	N	1	QTR,SMSKO	303		T- CTRIP INTERNATIONA	25-08-26	29-08-26	TWBBC	1	VA	-4871.42	23887304	0	2	Ms.	FLMRB1	UPR		*Zephyr8,Rosalind5,Ms.	ZEPHYR8 ROSALIND5			22189547	QTR,SMSKO	0	Upgrade Requested	QTR,SMSKO	0	5	0	HB4F8	2	RES	Ellery8 amounts - discount already deducted	Reservation	23887304
Ivorson7, Bertram5		THB	2052	94	HB4F8	Y	N	1	QTR,SMSKO	303		T- CTRIP INTERNATIONA	25-08-26	29-08-26	TWBBC	1	VA	-4871.42	23887304	0	2	Ms.	FLMRB1	UPR		*Zephyr8,Rosalind5,Ms.	ZEPHYR8 ROSALIND5			22189547	QTR,SMSKO	0	Upgrade Requested	QTR,SMSKO	0	5	0	HB4F8	4	RES	VCC RB AT 2,052+++	Reservation	23887304
Zephyr8, Rosalind5		THB	0	99	HB4F8	Y	N	0	QTR,SMSKO	303		T- CTRIP INTERNATIONA	25-08-26	29-08-26	TWBBC	1	CA	0	23903276	0	0	Ms.	FLMRB1	UPR		*Ivorson7,Bertram5,Ms.	IVORSON7 BERTRAM5			22204031	QTR,SMSKO	0	Upgrade Requested	QTR,SMSKO	0	6	0	HB4F8	1	GEN	Email missing in hadrian9 booking details. Add it to enrich hadrian9 customer profile.	General	23903276
Zephyr8, Rosalind5		THB	0	99	HB4F8	Y	N	0	QTR,SMSKO	303		T- CTRIP INTERNATIONA	25-08-26	29-08-26	TWBBC	1	CA	0	23903276	0	0	Ms.	FLMRB1	UPR		*Ivorson7,Bertram5,Ms.	IVORSON7 BERTRAM5			22204031	QTR,SMSKO	0	Upgrade Requested	QTR,SMSKO	0	6	0	HB4F8	1	GEN	Non-ALL member guest with a non-eligible stay: Invite them to sign up to enjoy benefits ferris6 their next booking.	General	23903276
Zephyr8, Rosalind5		THB	0	99	HB4F8	Y	N	0	QTR,SMSKO	303		T- CTRIP INTERNATIONA	25-08-26	29-08-26	TWBBC	1	CA	0	23903276	0	0	Ms.	FLMRB1	UPR		*Ivorson7,Bertram5,Ms.	IVORSON7 BERTRAM5			22204031	QTR,SMSKO	0	Upgrade Requested	QTR,SMSKO	0	6	0	HB4F8	2	RES	**Check Pref**	Reservation	23903276
Zephyr8, Rosalind5		THB	0	99	HB4F8	Y	N	0	QTR,SMSKO	303		T- CTRIP INTERNATIONA	25-08-26	29-08-26	TWBBC	1	CA	0	23903276	0	0	Ms.	FLMRB1	UPR		*Ivorson7,Bertram5,Ms.	IVORSON7 BERTRAM5			22204031	QTR,SMSKO	0	Upgrade Requested	QTR,SMSKO	0	6	0	HB4F8	2	RES	P:CoinPlus(THB 9742.88);VCC Amount: THB 9742.88, paid by Trip.com(EML: vcc@trip.com);Thackery3 charge VCC between 2026-08-24 00:00:00 - 2027-02-25 00:00:00(local time).(EML: vcc@trip.com)	Reservation	23903276
Zephyr8, Rosalind5		THB	0	99	HB4F8	Y	N	0	QTR,SMSKO	303		T- CTRIP INTERNATIONA	25-08-26	29-08-26	TWBBC	1	CA	0	23903276	0	0	Ms.	FLMRB1	UPR		*Ivorson7,Bertram5,Ms.	IVORSON7 BERTRAM5			22204031	QTR,SMSKO	0	Upgrade Requested	QTR,SMSKO	0	6	0	HB4F8	2	RES	Ellery8 amounts - discount already deducted	Reservation	23903276
Zephyr8, Rosalind5		THB	0	99	HB4F8	Y	N	0	QTR,SMSKO	303		T- CTRIP INTERNATIONA	25-08-26	29-08-26	TWBBC	1	CA	0	23903276	0	0	Ms.	FLMRB1	UPR		*Ivorson7,Bertram5,Ms.	IVORSON7 BERTRAM5			22204031	QTR,SMSKO	0	Upgrade Requested	QTR,SMSKO	0	6	0	HB4F8	4	RES	VCC RB AT 2,052+++	Reservation	23903276
		THB	2250	150	HB4F8	N	N	1		304		T- BERTRAM3 CRANFIELD3 NORBURY7	09-08-26	04-09-26	KGBBC	1	MC	-20357.05	23292987	0	1	Ms.	RB1			Mc Halloran5,Delphine4 Farriday4,Ms.	MC HALLORAN5 DELPHINE4 FARRIDAY4			21559951		0			0	2	0	HB4F8	2	RES	NONSMOKING	Reservation	23292987
		THB	2250	150	HB4F8	N	N	1		304		T- BERTRAM3 CRANFIELD3 NORBURY7	09-08-26	04-09-26	KGBBC	1	MC	-20357.05	23292987	0	1	Ms.	RB1			Mc Halloran5,Delphine4 Farriday4,Ms.	MC HALLORAN5 DELPHINE4 FARRIDAY4			21559951		0			0	2	0	HB4F8	4	RES	GA RB AT 2250+++ ON 09-13/08, 16-18/08
AT 2850+++ ON 14/08
AT 2450+++ ON 15/08	Reservation	23292987
Whitlock8, Ferris3		THB	1350	63	HB4F8	Y	N	1		307		T- CTRIP INTERNATIONA	23-08-26	29-08-26	KGBBC	1	VA	-2700	22592180	0	2	Ms.	TRIPRO			*Ivorson7,Jorah4,Ms.	IVORSON7 JORAH4			20826486		0			0	2	0	HB4F8	1	GEN	Email missing in hadrian9 booking details. Add it to enrich hadrian9 customer profile.	General	22592180
Whitlock8, Ferris3		THB	1350	63	HB4F8	Y	N	1		307		T- CTRIP INTERNATIONA	23-08-26	29-08-26	KGBBC	1	VA	-2700	22592180	0	2	Ms.	TRIPRO			*Ivorson7,Jorah4,Ms.	IVORSON7 JORAH4			20826486		0			0	2	0	HB4F8	2	GEN	VCC RO AT 1,350 ELLERY8	General	22592180
Ivorson7, Jorah4		THB	0	73	HB4F8	Y	N	0		307		T- CTRIP INTERNATIONA	23-08-26	29-08-26	KGBBC	1	CA	0	23857237	0	0	Ms.	TRIPRO			*Whitlock8,Ferris3,Ms.	WHITLOCK8 FERRIS3			22159328		0			0	2	0	HB4F8	1	GEN	Email missing in hadrian9 booking details. Add it to enrich hadrian9 customer profile.	General	23857237
Ivorson7, Jorah4		THB	0	73	HB4F8	Y	N	0		307		T- CTRIP INTERNATIONA	23-08-26	29-08-26	KGBBC	1	CA	0	23857237	0	0	Ms.	TRIPRO			*Whitlock8,Ferris3,Ms.	WHITLOCK8 FERRIS3			22159328		0			0	2	0	HB4F8	2	GEN	VCC RO AT 1,350 ELLERY8	General	23857237
		THB	1900	25	HB4F8	N	N	1	SMSKO	311		C- Accorhotel.com	26-08-26	28-08-26	KGBBC	1	MC	-2255.3	23803570	0	1	Khun	MASTBB			Garrow2,Jorah1,Khun	GARROW2 JORAH1			22103208	SMSKO	0		SMSKO	1	2	0	HB4F8	2	RES	**Check Pref**	Reservation	23803570
		THB	1900	25	HB4F8	N	N	1	SMSKO	311		C- Accorhotel.com	26-08-26	28-08-26	KGBBC	1	MC	-2255.3	23803570	0	1	Khun	MASTBB			Garrow2,Jorah1,Khun	GARROW2 JORAH1			22103208	SMSKO	0		SMSKO	1	2	0	HB4F8	4	RES	GA RO AT 1,900+++	Reservation	23803570
		THB	1947.5	14	HB4F8	N	N	1	SMSKO	315		T- DELPHINE2 CO. XANTHE8.	26-08-26	28-08-26	KGBBC	1	VA	-2311.68	23044815	0	1	Mr.	RB1			Rosalind,Calder2,Mr.	ROSALIND CALDER2			7522224	SMSKO	0		SMSKO	1	3	0	HB4F8	2	RES	**Check Pref**	Reservation	23044815
		THB	1947.5	14	HB4F8	N	N	1	SMSKO	315		T- DELPHINE2 CO. XANTHE8.	26-08-26	28-08-26	KGBBC	1	VA	-2311.68	23044815	0	1	Mr.	RB1			Rosalind,Calder2,Mr.	ROSALIND CALDER2			7522224	SMSKO	0		SMSKO	1	3	0	HB4F8	2	RES	NICE ROOM THACKERY3,NONSMOKING,EARLYCHECKIN	Reservation	23044815
		THB	1947.5	14	HB4F8	N	N	1	SMSKO	315		T- DELPHINE2 CO. XANTHE8.	26-08-26	28-08-26	KGBBC	1	VA	-2311.68	23044815	0	1	Mr.	RB1			Rosalind,Calder2,Mr.	ROSALIND CALDER2			7522224	SMSKO	0		SMSKO	1	3	0	HB4F8	4	RES	GA RB AT 1,947.50+++	Reservation	23044815
Nolan9, Farriday2		THB	0	157	HB4F8	Y	N	0		318		T- CTRIP INTERNATIONA	27-08-26	28-08-26	TWB	1	CA	0	23944525	0	0	Mr.	TRIPRB			*Verity8,Bo,Mr.	VERITY8 BO			22244350		0			0	3	0	HB4F8	1	GEN	Email missing in hadrian9 booking details. Add it to enrich hadrian9 customer profile.	General	23944525
Nolan9, Farriday2		THB	0	157	HB4F8	Y	N	0		318		T- CTRIP INTERNATIONA	27-08-26	28-08-26	TWB	1	CA	0	23944525	0	0	Mr.	TRIPRB			*Verity8,Bo,Mr.	VERITY8 BO			22244350		0			0	3	0	HB4F8	1	GEN	Non-ALL member guest with eligible stay: invite them to join zephyr7 earn 116 rewards points ferris6 this stay, plus enjoy hadrian9 best rates.	General	23944525
Nolan9, Farriday2		THB	0	157	HB4F8	Y	N	0		318		T- CTRIP INTERNATIONA	27-08-26	28-08-26	TWB	1	CA	0	23944525	0	0	Mr.	TRIPRB			*Verity8,Bo,Mr.	VERITY8 BO			22244350		0			0	3	0	HB4F8	4	RES	VCC RB AT 2,100 ELLERY8	Reservation	23944525
Verity8, Bo		THB	2100	174	HB4F8	Y	N	1		318		T- CTRIP INTERNATIONA	27-08-26	28-08-26	TWB	1	VA	0	23773414	0	2	Mr.	TRIPRB			*Nolan9,Farriday2,Mr.	NOLAN9 FARRIDAY2			6496372		0			0	2	0	HB4F8	1	GEN	Non-ALL member guest with eligible stay: invite them to join zephyr7 earn 116 rewards points ferris6 this stay, plus enjoy hadrian9 best rates.	General	23773414
Verity8, Bo		THB	2100	174	HB4F8	Y	N	1		318		T- CTRIP INTERNATIONA	27-08-26	28-08-26	TWB	1	VA	0	23773414	0	2	Mr.	TRIPRB			*Nolan9,Farriday2,Mr.	NOLAN9 FARRIDAY2			6496372		0			0	2	0	HB4F8	4	RES	VCC RB AT 2,100 ELLERY8	Reservation	23773414
TU, JORAH7 NORBURY5		THB	1600	80	HB4F8	Y	N	1		323		T- Standard Tour Co.,	25-08-26	29-08-26	KGBBC	1	CA	0	23866957	0	2	Ms.	TGLL		2508TPSTAN	*HO,EEEBY8 DELPHINE5,Ms.	HO EEEBY8 DELPHINE5			22153050		0			0	1	0	HB4F8	4	RES	PM468146345; RB	Reservation	23866957
HO, EEEBY8 DELPHINE5		THB	0	117	HB4F8	Y	N	0		323		T- Standard Tour Co.,	25-08-26	29-08-26	KGBBC	1	CA	0	23908175	0	0	Mr.	TGLL		2508TPSTAN	*TU,JORAH7 NORBURY5,Mr.	TU JORAH7 NORBURY5			22153322		0			0	1	0	HB4F8	4	RES	PM468146345; RB	Reservation	23908175
		THB	1848.94	153	HB4F8	N	N	1		324		T- AGODA COMPANY PTE 	27-08-26	28-08-26	TWB	1	MC	0	23783392	0	2	Khun	FLRA3			Ellery,Ellery2,Khun	ELLERY ELLERY2			22080219		0			0	3	0	HB4F8	1	GEN	Email missing in hadrian9 booking details. Add it to enrich hadrian9 customer profile.	General	23783392
		THB	1848.94	153	HB4F8	N	N	1		324		T- AGODA COMPANY PTE 	27-08-26	28-08-26	TWB	1	MC	0	23783392	0	2	Khun	FLRA3			Ellery,Ellery2,Khun	ELLERY ELLERY2			22080219		0			0	3	0	HB4F8	2	RES	NonSmoke, LargeBed-Ellery8 amounts - discount already deducted	Reservation	23783392
		THB	1848.94	153	HB4F8	N	N	1		324		T- AGODA COMPANY PTE 	27-08-26	28-08-26	TWB	1	MC	0	23783392	0	2	Khun	FLRA3			Ellery,Ellery2,Khun	ELLERY ELLERY2			22080219		0			0	3	0	HB4F8	4	RES	VCC RO AT 1,848.94+++	Reservation	23783392
NOLAN7, FABLE8 I		THB	1600	81	HB4F8	Y	N	1		327		T- Standard Tour Co.,	25-08-26	29-08-26	KGBBC	1	CA	0	23866958	0	2	Mr.	TGLL		2508TPSTAN	*VERITY8,DUNMORE7 LINUS5,Mr.	VERITY8 DUNMORE7 LINUS5			22153015		0			0	1	0	HB4F8	4	RES	PM468146345; RB	Reservation	23866958
VERITY8, DUNMORE7 LINUS5		THB	0	111	HB4F8	Y	N	0		327		T- Standard Tour Co.,	25-08-26	29-08-26	KGBBC	1	CA	0	23908000	0	0	Ms.	TGLL		2508TPSTAN	*NOLAN7,FABLE8 I,Ms.	NOLAN7 FABLE8 I			22153027		0			0	1	0	HB4F8	4	RES	PM468146345; RB	Reservation	23908000
JESSAMY4, UNDERHILL6 CALDER4		THB	0	106	HB4F8	Y	N	0		329		T- Standard Tour Co.,	25-08-26	29-08-26	KGBBC	1	CA	0	23907727	0	0	Ms.	TGLL		2508TPSTAN	*DRUMMOND6,RATHBONE5 HALLORAN7,Ms.	DRUMMOND6 RATHBONE5 HALLORAN7			22154989		0			0	1	0	HB4F8	4	RES	PM468146345; RB	Reservation	23907727
DRUMMOND6, RATHBONE5 HALLORAN7		THB	1600	163	HB4F8	Y	N	1		329		T- Standard Tour Co.,	25-08-26	29-08-26	KGBBC	1	CA	0	23866960	0	2	Mr.	TGLL		2508TPSTAN	*JESSAMY4,UNDERHILL6 CALDER4,Mr.	JESSAMY4 UNDERHILL6 CALDER4			22154422		0			0	1	0	HB4F8	4	RES	PM468146345; RB	Reservation	23866960
Tamsin5, Verity5		THB	1300	161	HB4F8	Y	N	1	SMSKO	331	3	C- Accor Plus	27-08-26	29-08-26	SDDMV	1	MC	0	23443072	0	2	Ms.	DSO			*Linus,Farriday,Ms.	LINUS FARRIDAY			12104665	SMSKO	0		SMSKO	1	2	0	HB4F8	2	RES	**Check Pref**	Reservation	23443072
Tamsin5, Verity5		THB	1300	161	HB4F8	Y	N	1	SMSKO	331	3	C- Accor Plus	27-08-26	29-08-26	SDDMV	1	MC	0	23443072	0	2	Ms.	DSO			*Linus,Farriday,Ms.	LINUS FARRIDAY			12104665	SMSKO	0		SMSKO	1	2	0	HB4F8	4	RES	GA COMP BF AT 1,300+++	Reservation	23443072
Linus, Farriday		THB	0	166	HB4F8	Y	N	0	SMSKO	331		C- Accor Plus	27-08-26	29-08-26	SDDMV	1	CA	0	23945418	0	0	Ms.	DSO			*Tamsin5,Verity5,Ms.	TAMSIN5 VERITY5			12377961	SMSKO	0		SMSKO	0	3	0	HB4F8	1	GEN	Email missing in hadrian9 booking details. Add it to enrich hadrian9 customer profile.	General	23945418
Linus, Farriday		THB	0	166	HB4F8	Y	N	0	SMSKO	331		C- Accor Plus	27-08-26	29-08-26	SDDMV	1	CA	0	23945418	0	0	Ms.	DSO			*Tamsin5,Verity5,Ms.	TAMSIN5 VERITY5			12377961	SMSKO	0		SMSKO	0	3	0	HB4F8	2	RES	**Check Pref**	Reservation	23945418
Linus, Farriday		THB	0	166	HB4F8	Y	N	0	SMSKO	331		C- Accor Plus	27-08-26	29-08-26	SDDMV	1	CA	0	23945418	0	0	Ms.	DSO			*Tamsin5,Verity5,Ms.	TAMSIN5 VERITY5			12377961	SMSKO	0		SMSKO	0	3	0	HB4F8	4	RES	GA COMP BF AT 1,300+++	Reservation	23945418
		THB	2000	15	HB4F8	N	N	1		336		T- DELPHINE2 CO. XANTHE8.	26-08-26	28-08-26	KGBBC	1	MC	-2374	23454689	0	1	Khun	RA1			Drummond,Ashcombe1,Khun	DRUMMOND ASHCOMBE1			21730907		0			1	3	0	HB4F8	1	GEN	Email missing in hadrian9 booking details. Add it to enrich hadrian9 customer profile.	General	23454689
		THB	2000	15	HB4F8	N	N	1		336		T- DELPHINE2 CO. XANTHE8.	26-08-26	28-08-26	KGBBC	1	MC	-2374	23454689	0	1	Khun	RA1			Drummond,Ashcombe1,Khun	DRUMMOND ASHCOMBE1			21730907		0			1	3	0	HB4F8	2	RES	NONSMOKING,EARLYCHECKIN	Reservation	23454689
		THB	2000	15	HB4F8	N	N	1		336		T- DELPHINE2 CO. XANTHE8.	26-08-26	28-08-26	KGBBC	1	MC	-2374	23454689	0	1	Khun	RA1			Drummond,Ashcombe1,Khun	DRUMMOND ASHCOMBE1			21730907		0			1	3	0	HB4F8	4	RES	GA RO AT 2,000+++	Reservation	23454689
		THB	2050	13	HB4F8	N	N	1		337		T- DELPHINE2 CO. XANTHE8.	26-08-26	28-08-26	KGBBC	1	VA	-2433.35	22982802	0	1	Khun	RB1			Underhill,Drummond2,Khun	UNDERHILL DRUMMOND2			21229766		0			1	3	0	HB4F8	1	GEN	Non-ALL member guest with eligible stay: invite them to join zephyr7 earn 269 rewards points ferris6 this stay, plus enjoy hadrian9 best rates.	General	22982802
		THB	2050	13	HB4F8	N	N	1		337		T- DELPHINE2 CO. XANTHE8.	26-08-26	28-08-26	KGBBC	1	VA	-2433.35	22982802	0	1	Khun	RB1			Underhill,Drummond2,Khun	UNDERHILL DRUMMOND2			21229766		0			1	3	0	HB4F8	2	RES	NON SMOKING ROOM,NONSMOKING	Reservation	22982802
		THB	2050	13	HB4F8	N	N	1		337		T- DELPHINE2 CO. XANTHE8.	26-08-26	28-08-26	KGBBC	1	VA	-2433.35	22982802	0	1	Khun	RB1			Underhill,Drummond2,Khun	UNDERHILL DRUMMOND2			21229766		0			1	3	0	HB4F8	4	RES	GA RB AT 2,050+++	Reservation	22982802
BRIONY4, GRANTHAM5 JR / HADRIAN8, YI VERITY6		THB	1600	85	HB4F8	Y	N	1		338		T- Standard Tour Co.,	25-08-26	29-08-26	KGBBC	1	CA	0	23866964	0	2	Ch.	TGLL		2508TPSTAN	*HADRIAN8,XANTHE7 XANTHE7,Ch.	HADRIAN8 XANTHE7 XANTHE7			22155044		0			0	1	0	HB4F8	4	RES	PM468146345; RB	Reservation	23866964
HADRIAN8, XANTHE7 XANTHE7 / HADRIAN8, YI VERITY6		THB	0	114	HB4F8	Y	N	0		338		T- Standard Tour Co.,	25-08-26	29-08-26	KGBBC	1	CA	0	23908115	0	0	Ms.	TGLL		2508TPSTAN	*BRIONY4,GRANTHAM5 JR,Ms.	BRIONY4 GRANTHAM5 JR			22154355		0			0	1	0	HB4F8	4	RES	PM468146345; RB	Reservation	23908115
BRIONY4, GRANTHAM5 JR / HADRIAN8, XANTHE7 XANTHE7		THB	0	108	HB4F8	Y	N	0		338		T- Standard Tour Co.,	25-08-26	29-08-26	KGBBC	1	CA	0	23907752	0	0	Mr.	TGLL		2508TPSTAN	*HADRIAN8,YI VERITY6,Mr.	HADRIAN8 YI VERITY6			22154346		0			0	1	0	HB4F8	4	RES	PM468146345; RB	Reservation	23907752
		THB	1592.5	97	HB4F8	N	N	1	NE,SMSKO	340	2	C- Accor Plus	27-08-26	29-08-26	KGB	1	VA	-4507.63	23889090	0	1	Khun	DSO			Bertram,Delphine,Khun	BERTRAM DELPHINE			19383449	NE,SMSKO	0		NE,SMSKO	0	3	0	HB4F8	2	RES	**Check Pref**	Reservation	23889090
		THB	1592.5	97	HB4F8	N	N	1	NE,SMSKO	340	2	C- Accor Plus	27-08-26	29-08-26	KGB	1	VA	-4507.63	23889090	0	1	Khun	DSO			Bertram,Delphine,Khun	BERTRAM DELPHINE			19383449	NE,SMSKO	0		NE,SMSKO	0	3	0	HB4F8	2	RES	** ROOM FEATURES : NE **	Reservation	23889090
		THB	1592.5	97	HB4F8	N	N	1	NE,SMSKO	340	2	C- Accor Plus	27-08-26	29-08-26	KGB	1	VA	-4507.63	23889090	0	1	Khun	DSO			Bertram,Delphine,Khun	BERTRAM DELPHINE			19383449	NE,SMSKO	0		NE,SMSKO	0	3	0	HB4F8	4	RES	GA RO AT 1,592.50+++	Reservation	23889090
		THB	1520	143	HB4F8	N	N	1	SMSKO	341		T- CTRIP INTERNATIONA	23-08-26	01-09-26	KGBBC	1	VA	9005.92	23834859	0	2	Khun	FLMRA1			Oakhurst,Tamsin2,Khun	OAKHURST TAMSIN2			22135122	SMSKO	0		SMSKO	0	5	0	HB4F8	1	GEN	Email missing in hadrian9 booking details. Add it to enrich hadrian9 customer profile.	General	23834859
		THB	1520	143	HB4F8	N	N	1	SMSKO	341		T- CTRIP INTERNATIONA	23-08-26	01-09-26	KGBBC	1	VA	9005.92	23834859	0	2	Khun	FLMRA1			Oakhurst,Tamsin2,Khun	OAKHURST TAMSIN2			22135122	SMSKO	0		SMSKO	0	5	0	HB4F8	1	GEN	Non-ALL member guest with a non-eligible stay: Invite them to sign up to enjoy benefits ferris6 their next booking.	General	23834859
		THB	1520	143	HB4F8	N	N	1	SMSKO	341		T- CTRIP INTERNATIONA	23-08-26	01-09-26	KGBBC	1	VA	9005.92	23834859	0	2	Khun	FLMRA1			Oakhurst,Tamsin2,Khun	OAKHURST TAMSIN2			22135122	SMSKO	0		SMSKO	0	5	0	HB4F8	2	RES	VCC RO AT 1,596.00+++ ON 23-25/8
AT 1,520.00+++ ON 26-31/8	Reservation	23834859
		THB	1520	143	HB4F8	N	N	1	SMSKO	341		T- CTRIP INTERNATIONA	23-08-26	01-09-26	KGBBC	1	VA	9005.92	23834859	0	2	Khun	FLMRA1			Oakhurst,Tamsin2,Khun	OAKHURST TAMSIN2			22135122	SMSKO	0		SMSKO	0	5	0	HB4F8	2	RES	P:CoinPlus(THB 16508.79);VCC Amount: THB 16508.79, paid by Trip.com(EML: vcc@trip.com);Thackery3 charge VCC between 2026-08-22 00:00:00 - 2027-02-28 00:00:00(local time).(EML: vcc@trip.com)	Reservation	23834859
		THB	1520	143	HB4F8	N	N	1	SMSKO	341		T- CTRIP INTERNATIONA	23-08-26	01-09-26	KGBBC	1	VA	9005.92	23834859	0	2	Khun	FLMRA1			Oakhurst,Tamsin2,Khun	OAKHURST TAMSIN2			22135122	SMSKO	0		SMSKO	0	5	0	HB4F8	2	RES	Ellery8 amounts - discount already deducted	Reservation	23834859
		THB	2300	139	HB4F8	N	N	1		343		C- HOYA LAMPHUN XANTHE8.	26-08-26	31-08-26	KGBBC	1	VA	-9200	23477507	0	1	Mr.	C01			Briony5,Quillon8,Mr.	BRIONY5 QUILLON8			21754977		0			1	1	0	HB4F8	2	GEN	GA RB AT 2,300 ELLERY8/SGL	General	23477507
		THB	1430	8	HB4F8	N	N	1	INTER,ON,NS,BT,DB,HI,NE,SMSKO	344	3	C- Accor Plus	26-08-26	27-08-26	KGB	1	VA	0	23924944	0	2	Mrs.	DSO			Peregrine7,Vasquez1,Mrs.	PEREGRINE7 VASQUEZ1	17:00		16210710	BT,DB,HI,NE,SMSKO	0		INTER,ON,NS,BT,DB,HI,NE,SMSKO	0	3	0	HB4F8	2	RES	**Check Pref**	Reservation	23924944
		THB	1430	8	HB4F8	N	N	1	INTER,ON,NS,BT,DB,HI,NE,SMSKO	344	3	C- Accor Plus	26-08-26	27-08-26	KGB	1	VA	0	23924944	0	2	Mrs.	DSO			Peregrine7,Vasquez1,Mrs.	PEREGRINE7 VASQUEZ1	17:00		16210710	BT,DB,HI,NE,SMSKO	0		INTER,ON,NS,BT,DB,HI,NE,SMSKO	0	3	0	HB4F8	2	RES	** BATH : BT / SMOKING : NS / ROOM FEATURES : DB+HI+NE / AC : ON **	Reservation	23924944
		THB	1430	8	HB4F8	N	N	1	INTER,ON,NS,BT,DB,HI,NE,SMSKO	344	3	C- Accor Plus	26-08-26	27-08-26	KGB	1	VA	0	23924944	0	2	Mrs.	DSO			Peregrine7,Vasquez1,Mrs.	PEREGRINE7 VASQUEZ1	17:00		16210710	BT,DB,HI,NE,SMSKO	0		INTER,ON,NS,BT,DB,HI,NE,SMSKO	0	3	0	HB4F8	4	RES	GA COMP ABF AT 1,430+++	Reservation	23924944
		THB	1680	151	HB4F8	N	N	1	SMSKO	345	1	C- MERCK/ MSD Global 
T- DELPHINE2 CO. XANTHE8.	26-08-26	28-08-26	KGBBC	1	VA	-1994.16	23460230	0	1	Mr.	R1D16			Jaicheun,Nuttachai,Mr.	JAICHEUN NUTTACHAI			6692863	SMSKO	0		SMSKO	1	3	0	HB4F8	2	RES	**Check Pref**	Reservation	23460230
		THB	1680	151	HB4F8	N	N	1	SMSKO	345	1	C- MERCK/ MSD Global 
T- DELPHINE2 CO. XANTHE8.	26-08-26	28-08-26	KGBBC	1	VA	-1994.16	23460230	0	1	Mr.	R1D16			Jaicheun,Nuttachai,Mr.	JAICHEUN NUTTACHAI			6692863	SMSKO	0		SMSKO	1	3	0	HB4F8	2	RES	RQ KING SIZE NON-SMOKING THACKERY3 XANTHE2 A PAYMENT RECEIPT UNDER HADRIAN9 GUEST, COMPANY NAME WITH FULL ADDRESS.	Reservation	23460230
		THB	1680	151	HB4F8	N	N	1	SMSKO	345	1	C- MERCK/ MSD Global 
T- DELPHINE2 CO. XANTHE8.	26-08-26	28-08-26	KGBBC	1	VA	-1994.16	23460230	0	1	Mr.	R1D16			Jaicheun,Nuttachai,Mr.	JAICHEUN NUTTACHAI			6692863	SMSKO	0		SMSKO	1	3	0	HB4F8	4	RES	GA RO AT 1,680+++	Reservation	23460230
		THB	1550	38	HB4F8	N	N	1	FE,QTR	346		T- CTRIP INTERNATIONA	26-08-26	28-08-26	TWB	1	VA	-1850	23900595	0	2	Mr.	TRIPRO			Alder,Verity2,Mr.	ALDER VERITY2			7834570	FE,QTR	0		FE,QTR	0	3	0	HB4F8	1	GEN	Non-ALL member guest with eligible stay: invite them to join zephyr7 earn 171 rewards points ferris6 this stay, plus enjoy hadrian9 best rates.	General	23900595
		THB	1550	38	HB4F8	N	N	1	FE,QTR	346		T- CTRIP INTERNATIONA	26-08-26	28-08-26	TWB	1	VA	-1850	23900595	0	2	Mr.	TRIPRO			Alder,Verity2,Mr.	ALDER VERITY2			7834570	FE,QTR	0		FE,QTR	0	3	0	HB4F8	2	GEN	VCC RO AT 1,550 ELLERY8	General	23900595
		THB	1550	38	HB4F8	N	N	1	FE,QTR	346		T- CTRIP INTERNATIONA	26-08-26	28-08-26	TWB	1	VA	-1850	23900595	0	2	Mr.	TRIPRO			Alder,Verity2,Mr.	ALDER VERITY2			7834570	FE,QTR	0		FE,QTR	0	3	0	HB4F8	4	RES	Guest request |Thackery3 linus2 a bellamy room peregrine3 hadrian9 quillon4 rosalind3 hadrian1, lanmore5 ferris6 hadrian9 dorian7, tamsin1 jorah5, zephyr7 verity1. A hadrian5 eeeby is eastwick1, zephyr7 hadrian9 room xanthe6 be pemberton1 xanthe by tamsin1. Alder4 halloran1 rooms peregrine3 hadrian9 yarrow3. Thackery3 xanthe2 a jessamy, dorian1, zephyr7 dorian2.	Reservation	23900595
Briony7 Linus4, Jessamy2		THB	0	98	HB4F8	Y	N	0		347		T- CTRIP INTERNATIONA	25-08-26	29-08-26	KGBBC	1	CA	0	23898536	0	0	Ms.	TRIPRO			*Az Dunmore5 Nolan4 Ellery6 Drummond4,Oakhurst6,Ms.	AZ DUNMORE5 NOLAN4 ELLERY6 DRUMMOND4 ZEPHYR2			22199159		0			0	2	0	HB4F8	1	GEN	Email missing in hadrian9 booking details. Add it to enrich hadrian9 customer profile.	General	23898536
Briony7 Linus4, Jessamy2		THB	0	98	HB4F8	Y	N	0		347		T- CTRIP INTERNATIONA	25-08-26	29-08-26	KGBBC	1	CA	0	23898536	0	0	Ms.	TRIPRO			*Az Dunmore5 Nolan4 Ellery6 Drummond4,Oakhurst6,Ms.	AZ DUNMORE5 NOLAN4 ELLERY6 DRUMMOND4 ZEPHYR2			22199159		0			0	2	0	HB4F8	2	GEN	VCC RO AT 1350 ELLERY8	General	23898536
Az Dunmore5 Nolan4 Ellery6 Drummond4, Zephyr2		THB	1350	160	HB4F8	Y	N	1		347		T- CTRIP INTERNATIONA	25-08-26	29-08-26	KGBBC	1	VA	-2700	23372142	0	2	Mr.	TRIPRO			*Briony7 Linus4,Jessamy2,Mr.	BRIONY7 LINUS4 JESSAMY2			21644590		0			1	3	0	HB4F8	1	GEN	Email missing in hadrian9 booking details. Add it to enrich hadrian9 customer profile.	General	23372142
Az Dunmore5 Nolan4 Ellery6 Drummond4, Zephyr2		THB	1350	160	HB4F8	Y	N	1		347		T- CTRIP INTERNATIONA	25-08-26	29-08-26	KGBBC	1	VA	-2700	23372142	0	2	Mr.	TRIPRO			*Briony7 Linus4,Jessamy2,Mr.	BRIONY7 LINUS4 JESSAMY2			21644590		0			1	3	0	HB4F8	2	GEN	VCC RO AT 1350 ELLERY8	General	23372142
Az Dunmore5 Nolan4 Ellery6 Drummond4, Zephyr2		THB	1350	160	HB4F8	Y	N	1		347		T- CTRIP INTERNATIONA	25-08-26	29-08-26	KGBBC	1	VA	-2700	23372142	0	2	Mr.	TRIPRO			*Briony7 Linus4,Jessamy2,Mr.	BRIONY7 LINUS4 JESSAMY2			21644590		0			1	3	0	HB4F8	4	RES	COMP ABF BY FOM case alarm.	Reservation	23372142
		THB	1751.62	136	HB4F8	N	N	1	HI,QTR	348		T- AGODA COMPANY PTE 	26-08-26	30-08-26	KGB	1	MC	-6237.51	23446664	0	1	Ms.	FLRA3S			Eeeby6,Ferris7 Jorah8,Ms.	EEEBY6 FERRIS7 JORAH8			21723637	HI,QTR	0		HI,QTR	0	3	0	HB4F8	1	GEN	Email missing in hadrian9 booking details. Add it to enrich hadrian9 customer profile.	General	23446664
		THB	1751.62	136	HB4F8	N	N	1	HI,QTR	348		T- AGODA COMPANY PTE 	26-08-26	30-08-26	KGB	1	MC	-6237.51	23446664	0	1	Ms.	FLRA3S			Eeeby6,Ferris7 Jorah8,Ms.	EEEBY6 FERRIS7 JORAH8			21723637	HI,QTR	0		HI,QTR	0	3	0	HB4F8	2	RES	NonSmoke, HighFloor, LargeBed, QuietRoom-Ellery8 amounts - discount already deducted	Reservation	23446664
		THB	1751.62	136	HB4F8	N	N	1	HI,QTR	348		T- AGODA COMPANY PTE 	26-08-26	30-08-26	KGB	1	MC	-6237.51	23446664	0	1	Ms.	FLRA3S			Eeeby6,Ferris7 Jorah8,Ms.	EEEBY6 FERRIS7 JORAH8			21723637	HI,QTR	0		HI,QTR	0	3	0	HB4F8	4	RES	VCC RO AT 1,751.62+++	Reservation	23446664
		THB	1337.6	12	HB4F8	N	N	1	SMSKO	349		T- CTRIP INTERNATIONA	25-08-26	28-08-26	KGBBC	1	VA	-1587.73	22927842	0	1	Ms.	FLMCBB			Eastwick7,Ferris8 Verity6,Ms.	EASTWICK7 FERRIS8 VERITY6			18569505	SMSKO	0		SMSKO	0	5	0	HB4F8	1	GEN	Non-ALL member guest with a non-eligible stay: Invite them to sign up to enjoy benefits ferris6 their next booking.	General	22927842
		THB	1337.6	12	HB4F8	N	N	1	SMSKO	349		T- CTRIP INTERNATIONA	25-08-26	28-08-26	KGBBC	1	VA	-1587.73	22927842	0	1	Ms.	FLMCBB			Eastwick7,Ferris8 Verity6,Ms.	EASTWICK7 FERRIS8 VERITY6			18569505	SMSKO	0		SMSKO	0	5	0	HB4F8	1	GEN	Non-ALL member guest with a non-eligible stay: Invite them to sign up to enjoy benefits ferris6 their next booking.	General	22927842
		THB	1337.6	12	HB4F8	N	N	1	SMSKO	349		T- CTRIP INTERNATIONA	25-08-26	28-08-26	KGBBC	1	VA	-1587.73	22927842	0	1	Ms.	FLMCBB			Eastwick7,Ferris8 Verity6,Ms.	EASTWICK7 FERRIS8 VERITY6			18569505	SMSKO	0		SMSKO	0	5	0	HB4F8	2	RES	Ellery8 amounts - discount already deducted	Reservation	22927842
		THB	1337.6	12	HB4F8	N	N	1	SMSKO	349		T- CTRIP INTERNATIONA	25-08-26	28-08-26	KGBBC	1	VA	-1587.73	22927842	0	1	Ms.	FLMCBB			Eastwick7,Ferris8 Verity6,Ms.	EASTWICK7 FERRIS8 VERITY6			18569505	SMSKO	0		SMSKO	0	5	0	HB4F8	2	RES	VCC RB AT 1,337.60+++	Reservation	22927842
		THB	1337.6	12	HB4F8	N	N	1	SMSKO	349		T- CTRIP INTERNATIONA	25-08-26	28-08-26	KGBBC	1	VA	-1587.73	22927842	0	1	Ms.	FLMCBB			Eastwick7,Ferris8 Verity6,Ms.	EASTWICK7 FERRIS8 VERITY6			18569505	SMSKO	0		SMSKO	0	5	0	HB4F8	2	RES	P:CoinPlus(THB 4763.19);VCC Amount: THB 4763.19, paid by Trip.com(EML: vcc@trip.com);Thackery3 charge VCC between 2026-07-13 00:00:00 - 2027-02-24 00:00:00(local time).(EML: vcc@trip.com)	Reservation	22927842
Whitlock6 Quillon6 Hollibrook Bertram7, Bellamy4		THB	2200	138	HB4F8	Y	N	1		351		T- Mahindra Holidays 	27-08-26	31-08-26	KGBBC	1	CA	0	23209335	0	2	Mr.	LDR-RO23			*Jorah,Peregrine5,Mr.	JORAH PEREGRINE5			22243179		0			0	2	0	HB4F8	2	GEN	CL RO AT 2200 ELLERY8 (ROOM ONLY BASIS)----* Xanthe6 set V1: welcome card by GM zephyr7 buiness card * 20% discount on Food zephyr7 Beverages, *excl. alcohol drinks,* zephyr7 other all in-house facilities facilities such as rosalind2 services, in-room dining etc. on published tariffs. There shall be no discounts on any other outsourced services provided at hadrian9 Hotel* Hadrian9 advance floating rent amount THB 500,000 will not deduct with hadrian9 bookings until last quarter of hadrian9 agreement / upon termination notice.	General	23209335
Whitlock6 Quillon6 Hollibrook Bertram7, Bellamy4		THB	2200	138	HB4F8	Y	N	1		351		T- Mahindra Holidays 	27-08-26	31-08-26	KGBBC	1	CA	0	23209335	0	2	Mr.	LDR-RO23			*Jorah,Peregrine5,Mr.	JORAH PEREGRINE5			22243179		0			0	2	0	HB4F8	4	INH	Email missing in hadrian9 booking details. Add it to enrich hadrian9 customer profile.	In-house	23209335
Jorah, Peregrine5		THB	0	141	HB4F8	Y	N	0		351		T- Mahindra Holidays 	27-08-26	31-08-26	KGBBC	1	CA	0	23942349	0	0	Ms.	LDR-RO23			*Whitlock6 Quillon6 Hollibrook Bertram7,Kelbrook6,Ms.	WHITLOCK6 QUILLON6 HOLLIBROOK BERTRAM7 BELLAMY4			22243194		0			0	2	0	HB4F8	2	GEN	CL RO AT 2200 ELLERY8 (ROOM ONLY BASIS)----* Xanthe6 set V1: welcome card by GM zephyr7 buiness card * 20% discount on Food zephyr7 Beverages, *excl. alcohol drinks,* zephyr7 other all in-house facilities facilities such as rosalind2 services, in-room dining etc. on published tariffs. There shall be no discounts on any other outsourced services provided at hadrian9 Hotel* Hadrian9 advance floating rent amount THB 500,000 will not deduct with hadrian9 bookings until last quarter of hadrian9 agreement / upon termination notice.	General	23942349
Jorah, Peregrine5		THB	0	141	HB4F8	Y	N	0		351		T- Mahindra Holidays 	27-08-26	31-08-26	KGBBC	1	CA	0	23942349	0	0	Ms.	LDR-RO23			*Whitlock6 Quillon6 Hollibrook Bertram7,Kelbrook6,Ms.	WHITLOCK6 QUILLON6 HOLLIBROOK BERTRAM7 BELLAMY4			22243194		0			0	2	0	HB4F8	4	INH	Email missing in hadrian9 booking details. Add it to enrich hadrian9 customer profile.	In-house	23942349
Zephyr6, Nolan6		THB	0	22	HB4F8	Y	N	1	SMSKO	352	3	C- Accor Plus	26-08-26	28-08-26	TWB	1	VA	0	23772522	0	2	Ms.	FABLE7			*An,Jorah2,Ms.	AN JORAH2	17:00		22069635	SMSKO	0		SMSKO	0	2	0	HB4F8	2	RES	**Check Pref**	Reservation	23772522
Zephyr6, Nolan6		THB	0	22	HB4F8	Y	N	1	SMSKO	352	3	C- Accor Plus	26-08-26	28-08-26	TWB	1	VA	0	23772522	0	2	Ms.	FABLE7			*An,Jorah2,Ms.	AN JORAH2	17:00		22069635	SMSKO	0		SMSKO	0	2	0	HB4F8	4	RES	GA COMP BF AT 1,462.50+++ ON 26/8
FABLE7 COMP BF ON 27/8	Reservation	23772522
An, Jorah2		THB	0	58	HB4F8	Y	N	0	SMSKO	352		C- Accor Plus	26-08-26	28-08-26	TWB	1	CA	0	23932605	0	0	Ms.	FABLE7			*Zephyr6,Nolan6,Ms.	ZEPHYR6 NOLAN6			22234939	SMSKO	0		SMSKO	0	3	0	HB4F8	1	GEN	Email missing in hadrian9 booking details. Add it to enrich hadrian9 customer profile.	General	23932605
An, Jorah2		THB	0	58	HB4F8	Y	N	0	SMSKO	352		C- Accor Plus	26-08-26	28-08-26	TWB	1	CA	0	23932605	0	0	Ms.	FABLE7			*Zephyr6,Nolan6,Ms.	ZEPHYR6 NOLAN6			22234939	SMSKO	0		SMSKO	0	3	0	HB4F8	2	RES	**Check Pref**	Reservation	23932605
An, Jorah2		THB	0	58	HB4F8	Y	N	0	SMSKO	352		C- Accor Plus	26-08-26	28-08-26	TWB	1	CA	0	23932605	0	0	Ms.	FABLE7			*Zephyr6,Nolan6,Ms.	ZEPHYR6 NOLAN6			22234939	SMSKO	0		SMSKO	0	3	0	HB4F8	4	RES	GA COMP BF AT 1,462.50+++ ON 26/8
FABLE7 COMP BF ON 27/8	Reservation	23932605
Ingersoll, Jorah		THB	0	140	HB4F8	Y	N	0		353		T- Mahindra Holidays 	27-08-26	31-08-26	KGBBC	1	CA	0	23942340	0	0	Ms.	LDR-RO23			*Jorah,Hollibrook2,Ms.	JORAH HOLLIBROOK2			22243206		0			0	2	0	HB4F8	2	GEN	CL RO AT 2200 ELLERY8 (ROOM ONLY BASIS)----* Xanthe6 set V1: welcome card by GM zephyr7 buiness card * 20% discount on Food zephyr7 Beverages, *excl. alcohol drinks,* zephyr7 other all in-house facilities facilities such as rosalind2 services, in-room dining etc. on published tariffs. There shall be no discounts on any other outsourced services provided at hadrian9 Hotel* Hadrian9 advance floating rent amount THB 500,000 will not deduct with hadrian9 bookings until last quarter of hadrian9 agreement / upon termination notice.	General	23942340
Ingersoll, Jorah		THB	0	140	HB4F8	Y	N	0		353		T- Mahindra Holidays 	27-08-26	31-08-26	KGBBC	1	CA	0	23942340	0	0	Ms.	LDR-RO23			*Jorah,Hollibrook2,Ms.	JORAH HOLLIBROOK2			22243206		0			0	2	0	HB4F8	4	INH	Email missing in hadrian9 booking details. Add it to enrich hadrian9 customer profile.	In-house	23942340
Jorah, Hollibrook2		THB	2200	168	HB4F8	Y	N	1		353		T- Mahindra Holidays 	27-08-26	31-08-26	KGBBC	1	CA	259	23927953	0	2	Mr.	LDR-RO23			*Ingersoll,Jorah,Mr.	INGERSOLL JORAH			21469922		0			0	2	0	HB4F8	2	GEN	CL RO AT 2200 ELLERY8 (ROOM ONLY BASIS)----* Xanthe6 set V1: welcome card by GM zephyr7 buiness card * 20% discount on Food zephyr7 Beverages, *excl. alcohol drinks,* zephyr7 other all in-house facilities facilities such as rosalind2 services, in-room dining etc. on published tariffs. There shall be no discounts on any other outsourced services provided at hadrian9 Hotel* Hadrian9 advance floating rent amount THB 500,000 will not deduct with hadrian9 bookings until last quarter of hadrian9 agreement / upon termination notice.	General	23927953
Jorah, Hollibrook2		THB	2200	168	HB4F8	Y	N	1		353		T- Mahindra Holidays 	27-08-26	31-08-26	KGBBC	1	CA	259	23927953	0	2	Mr.	LDR-RO23			*Ingersoll,Jorah,Mr.	INGERSOLL JORAH			21469922		0			0	2	0	HB4F8	4	INH	Email missing in hadrian9 booking details. Add it to enrich hadrian9 customer profile.	In-house	23927953
ROSALIND7, BRAMWELL3 LINUS5		THB	0	109	HB4F8	Y	N	0		355		T- Standard Tour Co.,	25-08-26	29-08-26	KGBBC	1	CA	0	23907755	0	0	Ch.	TGLL		2508TPSTAN	*LANMORE7,YU LE,Ch.	LANMORE7 YU LE			22155074		0			0	1	0	HB4F8	4	RES	PM468146345; RB	Reservation	23907755
LANMORE7, YU LE		THB	1600	162	HB4F8	Y	N	1		355		T- Standard Tour Co.,	25-08-26	29-08-26	KGBBC	1	CA	0	23866948	0	1	Mr.	TGLL		2508TPSTAN	*ROSALIND7,BRAMWELL3 LINUS5,Mr.	ROSALIND7 BRAMWELL3 LINUS5			22155064		0			0	1	0	HB4F8	4	RES	PM468146345; RB	Reservation	23866948
Linus1, Whitlock		THB	0	142	HB4F8	Y	N	0		357		T- Mahindra Holidays 	27-08-26	31-08-26	KGBBC	1	CA	0	23942613	0	0	Ms.	LDR-RO23			*Whitlock,Fable2,Ms.	WHITLOCK FABLE2			22243215		0			0	2	0	HB4F8	2	GEN	CL RO AT 2200 ELLERY8 (ROOM ONLY BASIS)----* Xanthe6 set V1: welcome card by GM zephyr7 buiness card * 20% discount on Food zephyr7 Beverages, *excl. alcohol drinks,* zephyr7 other all in-house facilities facilities such as rosalind2 services, in-room dining etc. on published tariffs. There shall be no discounts on any other outsourced services provided at hadrian9 Hotel* Hadrian9 advance floating rent amount THB 500,000 will not deduct with hadrian9 bookings until last quarter of hadrian9 agreement / upon termination notice.	General	23942613
Linus1, Whitlock		THB	0	142	HB4F8	Y	N	0		357		T- Mahindra Holidays 	27-08-26	31-08-26	KGBBC	1	CA	0	23942613	0	0	Ms.	LDR-RO23			*Whitlock,Fable2,Ms.	WHITLOCK FABLE2			22243215		0			0	2	0	HB4F8	4	INH	Email missing in hadrian9 booking details. Add it to enrich hadrian9 customer profile.	In-house	23942613
Whitlock, Fable2		THB	2200	167	HB4F8	Y	N	1		357		T- Mahindra Holidays 	27-08-26	31-08-26	KGBBC	1	CA	0	23209326	0	2	Mr.	LDR-RO23			*Linus1,Whitlock,Mr.	LINUS1 WHITLOCK			21469903		0			0	2	0	HB4F8	2	GEN	CL RO AT 2200 ELLERY8 (ROOM ONLY BASIS)----* Xanthe6 set V1: welcome card by GM zephyr7 buiness card * 20% discount on Food zephyr7 Beverages, *excl. alcohol drinks,* zephyr7 other all in-house facilities facilities such as rosalind2 services, in-room dining etc. on published tariffs. There shall be no discounts on any other outsourced services provided at hadrian9 Hotel* Hadrian9 advance floating rent amount THB 500,000 will not deduct with hadrian9 bookings until last quarter of hadrian9 agreement / upon termination notice.	General	23209326
Whitlock, Fable2		THB	2200	167	HB4F8	Y	N	1		357		T- Mahindra Holidays 	27-08-26	31-08-26	KGBBC	1	CA	0	23209326	0	2	Mr.	LDR-RO23			*Linus1,Whitlock,Mr.	LINUS1 WHITLOCK			21469903		0			0	2	0	HB4F8	4	INH	Email missing in hadrian9 booking details. Add it to enrich hadrian9 customer profile.	In-house	23209326
Hollibrook6, Rathbone5 Tamsin6		THB	1350	11	HB4F8	Y	N	1		358		T- CTRIP INTERNATIONA	24-08-26	28-08-26	TWB	1	VA	-1350	22901633	0	2	Ms.	TRIPRO			*Oakhurst8,Zephyr8 Zeller6,Ms.	OAKHURST8 ZEPHYR8 ZELLER6			21145707		0			0	3	0	HB4F8	1	GEN	Email missing in hadrian9 booking details. Add it to enrich hadrian9 customer profile.	General	22901633
Hollibrook6, Rathbone5 Tamsin6		THB	1350	11	HB4F8	Y	N	1		358		T- CTRIP INTERNATIONA	24-08-26	28-08-26	TWB	1	VA	-1350	22901633	0	2	Ms.	TRIPRO			*Oakhurst8,Zephyr8 Zeller6,Ms.	OAKHURST8 ZEPHYR8 ZELLER6			21145707		0			0	3	0	HB4F8	2	GEN	VCC RO AT 1,350 ELLERY8	General	22901633
Hollibrook6, Rathbone5 Tamsin6		THB	1350	11	HB4F8	Y	N	1		358		T- CTRIP INTERNATIONA	24-08-26	28-08-26	TWB	1	VA	-1350	22901633	0	2	Ms.	TRIPRO			*Oakhurst8,Zephyr8 Zeller6,Ms.	OAKHURST8 ZEPHYR8 ZELLER6			21145707		0			0	3	0	HB4F8	4	RES	Lanmore5 ferris6 tamsin1,Good views; Higher level	Reservation	22901633
Oakhurst8, Zephyr8 Zeller6		THB	0	34	HB4F8	Y	N	0		358		T- CTRIP INTERNATIONA	24-08-26	28-08-26	TWB	1	CA	0	23878450	0	0	Ms.	TRIPRO			*Hollibrook6,Rathbone5 Tamsin6,Ms.	HOLLIBROOK6 RATHBONE5 TAMSIN6			22175265		0			0	3	0	HB4F8	1	GEN	Email missing in hadrian9 booking details. Add it to enrich hadrian9 customer profile.	General	23878450
Oakhurst8, Zephyr8 Zeller6		THB	0	34	HB4F8	Y	N	0		358		T- CTRIP INTERNATIONA	24-08-26	28-08-26	TWB	1	CA	0	23878450	0	0	Ms.	TRIPRO			*Hollibrook6,Rathbone5 Tamsin6,Ms.	HOLLIBROOK6 RATHBONE5 TAMSIN6			22175265		0			0	3	0	HB4F8	2	GEN	VCC RO AT 1,350 ELLERY8	General	23878450
Oakhurst8, Zephyr8 Zeller6		THB	0	34	HB4F8	Y	N	0		358		T- CTRIP INTERNATIONA	24-08-26	28-08-26	TWB	1	CA	0	23878450	0	0	Ms.	TRIPRO			*Hollibrook6,Rathbone5 Tamsin6,Ms.	HOLLIBROOK6 RATHBONE5 TAMSIN6			22175265		0			0	3	0	HB4F8	4	RES	Lanmore5 ferris6 tamsin1,Good views; Higher level	Reservation	23878450
Tamsin5, Whitlock8		THB	2052	130	HB4F8	Y	N	1	SMSKO	362		T- CTRIP INTERNATIONA	27-08-26	29-08-26	TWBBC	1	VA	0	23925661	0	2	Mr.	FLMRB1			*Ferris9,Xanthe1,Mr.	FERRIS9 XANTHE1			22227500	SMSKO	0		SMSKO	0	5	0	HB4F8	1	GEN	Non-ALL member guest with a non-eligible stay: Invite them to sign up to enjoy benefits ferris6 their next booking.	General	23925661
Tamsin5, Whitlock8		THB	2052	130	HB4F8	Y	N	1	SMSKO	362		T- CTRIP INTERNATIONA	27-08-26	29-08-26	TWBBC	1	VA	0	23925661	0	2	Mr.	FLMRB1			*Ferris9,Xanthe1,Mr.	FERRIS9 XANTHE1			22227500	SMSKO	0		SMSKO	0	5	0	HB4F8	2	RES	**Check Pref**	Reservation	23925661
Tamsin5, Whitlock8		THB	2052	130	HB4F8	Y	N	1	SMSKO	362		T- CTRIP INTERNATIONA	27-08-26	29-08-26	TWBBC	1	VA	0	23925661	0	2	Mr.	FLMRB1			*Ferris9,Xanthe1,Mr.	FERRIS9 XANTHE1			22227500	SMSKO	0		SMSKO	0	5	0	HB4F8	2	RES	Additional Guest Name: TAMSIN5/WHITLOCK8;P:CoinPlus(THB 4871.44);VCC Amount: THB 4871.44, paid by Trip.com(EML: vcc@trip.com);Thackery3 charge VCC between 2026-08-26 00:00:00 - 2027-02-25 00:00:00(local time).(EML: vcc@trip.com)	Reservation	23925661
Tamsin5, Whitlock8		THB	2052	130	HB4F8	Y	N	1	SMSKO	362		T- CTRIP INTERNATIONA	27-08-26	29-08-26	TWBBC	1	VA	0	23925661	0	2	Mr.	FLMRB1			*Ferris9,Xanthe1,Mr.	FERRIS9 XANTHE1			22227500	SMSKO	0		SMSKO	0	5	0	HB4F8	2	RES	Ellery8 amounts - discount already deducted	Reservation	23925661
Tamsin5, Whitlock8		THB	2052	130	HB4F8	Y	N	1	SMSKO	362		T- CTRIP INTERNATIONA	27-08-26	29-08-26	TWBBC	1	VA	0	23925661	0	2	Mr.	FLMRB1			*Ferris9,Xanthe1,Mr.	FERRIS9 XANTHE1			22227500	SMSKO	0		SMSKO	0	5	0	HB4F8	4	RES	VCC RB AT 2,052+++	Reservation	23925661
Ferris9, Xanthe1		THB	0	134	HB4F8	Y	N	0	SMSKO	362		T- CTRIP INTERNATIONA	27-08-26	29-08-26	TWBBC	1	CA	0	23944331	0	0	Mr.	FLMRB1			*Tamsin5,Whitlock8,Mr.	TAMSIN5 WHITLOCK8			22245889	SMSKO	0		SMSKO	0	6	0	HB4F8	1	GEN	Email missing in hadrian9 booking details. Add it to enrich hadrian9 customer profile.	General	23944331
Ferris9, Xanthe1		THB	0	134	HB4F8	Y	N	0	SMSKO	362		T- CTRIP INTERNATIONA	27-08-26	29-08-26	TWBBC	1	CA	0	23944331	0	0	Mr.	FLMRB1			*Tamsin5,Whitlock8,Mr.	TAMSIN5 WHITLOCK8			22245889	SMSKO	0		SMSKO	0	6	0	HB4F8	1	GEN	Non-ALL member guest with a non-eligible stay: Invite them to sign up to enjoy benefits ferris6 their next booking.	General	23944331
Ferris9, Xanthe1		THB	0	134	HB4F8	Y	N	0	SMSKO	362		T- CTRIP INTERNATIONA	27-08-26	29-08-26	TWBBC	1	CA	0	23944331	0	0	Mr.	FLMRB1			*Tamsin5,Whitlock8,Mr.	TAMSIN5 WHITLOCK8			22245889	SMSKO	0		SMSKO	0	6	0	HB4F8	2	RES	**Check Pref**	Reservation	23944331
Ferris9, Xanthe1		THB	0	134	HB4F8	Y	N	0	SMSKO	362		T- CTRIP INTERNATIONA	27-08-26	29-08-26	TWBBC	1	CA	0	23944331	0	0	Mr.	FLMRB1			*Tamsin5,Whitlock8,Mr.	TAMSIN5 WHITLOCK8			22245889	SMSKO	0		SMSKO	0	6	0	HB4F8	2	RES	Additional Guest Name: TAMSIN5/WHITLOCK8;P:CoinPlus(THB 4871.44);VCC Amount: THB 4871.44, paid by Trip.com(EML: vcc@trip.com);Thackery3 charge VCC between 2026-08-26 00:00:00 - 2027-02-25 00:00:00(local time).(EML: vcc@trip.com)	Reservation	23944331
Ferris9, Xanthe1		THB	0	134	HB4F8	Y	N	0	SMSKO	362		T- CTRIP INTERNATIONA	27-08-26	29-08-26	TWBBC	1	CA	0	23944331	0	0	Mr.	FLMRB1			*Tamsin5,Whitlock8,Mr.	TAMSIN5 WHITLOCK8			22245889	SMSKO	0		SMSKO	0	6	0	HB4F8	2	RES	Ellery8 amounts - discount already deducted	Reservation	23944331
Ferris9, Xanthe1		THB	0	134	HB4F8	Y	N	0	SMSKO	362		T- CTRIP INTERNATIONA	27-08-26	29-08-26	TWBBC	1	CA	0	23944331	0	0	Mr.	FLMRB1			*Tamsin5,Whitlock8,Mr.	TAMSIN5 WHITLOCK8			22245889	SMSKO	0		SMSKO	0	6	0	HB4F8	4	RES	VCC RB AT 2,052+++	Reservation	23944331
		THB	2278.5	59	HB4F8	N	N	1	SMSKO	363		T- EXPEDIA.COM	27-08-26	28-08-26	TWBBC	1	MC	0	23932910	0	1	Mr.	FLMRB1			Tamsin5,Kelbrook8,Mr.	TAMSIN5 KELBROOK8			22234685	SMSKO	0		SMSKO	0	3	0	HB4F8	2	RES	**Check Pref**	Reservation	23932910
		THB	2278.5	59	HB4F8	N	N	1	SMSKO	363		T- EXPEDIA.COM	27-08-26	28-08-26	TWBBC	1	MC	0	23932910	0	1	Mr.	FLMRB1			Tamsin5,Kelbrook8,Mr.	TAMSIN5 KELBROOK8			22234685	SMSKO	0		SMSKO	0	3	0	HB4F8	2	RES	2 Twin Beds NO SMOKING Remittance amount: 2704.59 THB - POS : Expedia Affiliate Network	Reservation	23932910
		THB	2278.5	59	HB4F8	N	N	1	SMSKO	363		T- EXPEDIA.COM	27-08-26	28-08-26	TWBBC	1	MC	0	23932910	0	1	Mr.	FLMRB1			Tamsin5,Kelbrook8,Mr.	TAMSIN5 KELBROOK8			22234685	SMSKO	0		SMSKO	0	3	0	HB4F8	4	RES	VCC RB AT 2,278.50+++	Reservation	23932910
		THB	2500	27	HB4F8	N	N	1		401		C- Fenwick3 Fable 	27-08-26	28-08-26	TWBBC	1	CA	0	23810333	0	2		BGRE		2608ENERGY	Fenwick3 Fable Zeller (ERC)	FENWICK3 FABLE ZELLER (ERC) 			22108873		0			0	1	0	HB4F8	4	RES	PM; 469172867 RB	Reservation	23810333
		THB	2500	29	HB4F8	N	N	1		402		C- Fenwick3 Fable 	27-08-26	28-08-26	KGBBC	1	CA	0	23810335	0	1		BGRE		2608ENERGY	Fenwick3 Fable Zeller (ERC)	FENWICK3 FABLE ZELLER (ERC) 			22108875		0			0	1	0	HB4F8	4	RES	PM; 469172867 RB	Reservation	23810335
		THB	2500	43	HB4F8	N	N	1		403		C- Fenwick3 Fable 	27-08-26	28-08-26	TWBBC	1	CA	0	23920668	0	2		BGRE		2608ENERGY	Fenwick3 Fable Zeller (ERC)	FENWICK3 FABLE ZELLER (ERC) 			22108873		0			0	1	0	HB4F8	4	RES	PM; 469172867 RB	Reservation	23920668
		THB	2500	44	HB4F8	N	N	1		405		C- Fenwick3 Fable 	27-08-26	28-08-26	TWBBC	1	CA	0	23920669	0	2		BGRE		2608ENERGY	Fenwick3 Fable Zeller (ERC)	FENWICK3 FABLE ZELLER (ERC) 			22108873		0			0	1	0	HB4F8	4	RES	PM; 469172867 RB	Reservation	23920669
		THB	2300	172	HB4F8	N	N	1		406	3	C- Schaffner EMC Co.,	11-08-26	30-10-26	KGBBC	1	VA	7619.57	22972608	0	1	Mr.	C01			Jarrow3,Cranfield5 Briony3,Mr.	JARROW3 CRANFIELD5 BRIONY3			16995642		0			0	2	0	HB4F8	2	GEN	GA RB AT 2,300 ELLERY8/SGL 
fenwick1 ferris rosalind2 underhill2 dorian8 4 rathbone3 ingersoll8 bertram8	General	22972608
		THB	2300	172	HB4F8	N	N	1		406	3	C- Schaffner EMC Co.,	11-08-26	30-10-26	KGBBC	1	VA	7619.57	22972608	0	1	Mr.	C01			Jarrow3,Cranfield5 Briony3,Mr.	JARROW3 CRANFIELD5 BRIONY3			16995642		0			0	2	0	HB4F8	4	RES	TOTAL 80*4= 320 GARROW8.
16/08/26 = 11 GARROW8 >>> 309 GARROW8.	Reservation	22972608
		THB	2500	45	HB4F8	N	N	1		407		C- Fenwick3 Fable 	27-08-26	28-08-26	TWBBC	1	CA	0	23920670	0	2		BGRE		2608ENERGY	Fenwick3 Fable Zeller (ERC)	FENWICK3 FABLE ZELLER (ERC) 			22108873		0			0	1	0	HB4F8	4	RES	PM; 469172867 RB	Reservation	23920670
		THB	1350	158	HB4F8	N	N	1		408		T- CTRIP INTERNATIONA	16-08-26	29-08-26	KGBBC	1	VA	-2700	22131627	0	2	Mr.	TRIPRO			Rosalind9,Tamsin4,Mr.	ROSALIND9 TAMSIN4			20356318		0			0	3	0	HB4F8	2	GEN	VCC RO AT 1,350 ELLERY8	General	22131627
		THB	1350	158	HB4F8	N	N	1		408		T- CTRIP INTERNATIONA	16-08-26	29-08-26	KGBBC	1	VA	-2700	22131627	0	2	Mr.	TRIPRO			Rosalind9,Tamsin4,Mr.	ROSALIND9 TAMSIN4			20356318		0			0	3	0	HB4F8	4	RES	change room due to previous gold member LCO at 16.00	Reservation	22131627
		THB	1350	158	HB4F8	N	N	1		408		T- CTRIP INTERNATIONA	16-08-26	29-08-26	KGBBC	1	VA	-2700	22131627	0	2	Mr.	TRIPRO			Rosalind9,Tamsin4,Mr.	ROSALIND9 TAMSIN4			20356318		0			0	3	0	HB4F8	4	RES	Non-corner room	Reservation	22131627
		THB	2500	46	HB4F8	N	N	1		409		C- Fenwick3 Fable 	27-08-26	28-08-26	TWBBC	1	CA	0	23920671	0	2		BGRE		2608ENERGY	Fenwick3 Fable Zeller (ERC)	FENWICK3 FABLE ZELLER (ERC) 			22108873		0			0	1	0	HB4F8	4	RES	PM; 469172867 RB	Reservation	23920671
		THB	2500	47	HB4F8	N	N	1		411		C- Fenwick3 Fable 	27-08-26	28-08-26	TWBBC	1	CA	0	23920672	0	2		BGRE		2608ENERGY	Fenwick3 Fable Zeller (ERC)	FENWICK3 FABLE ZELLER (ERC) 			22108873		0			0	1	0	HB4F8	4	RES	PM; 469172867 RB	Reservation	23920672
		THB	2500	48	HB4F8	N	N	1		413		C- Fenwick3 Fable 	27-08-26	28-08-26	TWBBC	1	CA	0	23920673	0	2		BGRE		2608ENERGY	Fenwick3 Fable Zeller (ERC)	FENWICK3 FABLE ZELLER (ERC) 			22108873		0			0	1	0	HB4F8	4	RES	PM; 469172867 RB	Reservation	23920673
Eastwick3, Delphine3		THB	2500	49	HB4F8	Y	N	1		415		C- Fenwick3 Fable 	27-08-26	28-08-26	TWBBC	1	CA	0	23920674	0	2	Khun	BGRE		2608ENERGY	*Ingersoll2,Hadrian4,Khun	INGERSOLL2 HADRIAN4			22245536		0			0	1	0	HB4F8	4	RES	PM; 469172867 RB	Reservation	23920674
Ingersoll2, Hadrian4		THB	0	61	HB4F8	Y	N	0		415		C- Fenwick3 Fable 	27-08-26	28-08-26	TWBBC	1	CA	0	23946021	0	0	Khun	BGRE		2608ENERGY	*Eastwick3,Delphine3,Khun	EASTWICK3 DELPHINE3			22247186		0			0	1	0	HB4F8	4	RES	PM; 469172867 RB	Reservation	23946021
		THB	2300	65	HB4F8	N	N	1		416		C- HOYA LAMPHUN XANTHE8.	26-08-26	29-08-26	KGBBC	1	CA	2300	23569393	0	1	Khun	C01			Calder,Grantham1,Khun	CALDER GRANTHAM1			21851232		0			0	2	0	HB4F8	1	GEN	Non-ALL member guest with eligible stay: invite them to join zephyr7 earn 381 rewards points ferris6 this stay, plus enjoy hadrian9 best rates.	General	23569393
		THB	2300	65	HB4F8	N	N	1		416		C- HOYA LAMPHUN XANTHE8.	26-08-26	29-08-26	KGBBC	1	CA	2300	23569393	0	1	Khun	C01			Calder,Grantham1,Khun	CALDER GRANTHAM1			21851232		0			0	2	0	HB4F8	2	GEN	CL RB AT 2300 ELLERY8 / SGL	General	23569393
		THB	2500	50	HB4F8	N	N	1		417		C- Fenwick3 Fable 	27-08-26	28-08-26	TWBBC	1	CA	0	23920675	0	2		BGRE		2608ENERGY	Fenwick3 Fable Zeller (ERC)	FENWICK3 FABLE ZELLER (ERC) 			22108873		0			0	1	0	HB4F8	4	RES	PM; 469172867 RB	Reservation	23920675
		THB	2150	10	HB4F8	N	N	1		418		T- Asia Exotica Co., 	26-08-26	28-08-26	KGBBC	1	CA	3750	22395224	0	1	Ms.	TGLLSR			Dorian4 Dorian4,Jorah3 Delphine4,Ms.	DORIAN4 DORIAN4 JORAH3 DELPHINE4			20622959		0			0	3	0	HB4F8	1	GEN	Non-ALL member guest with eligible stay: invite them to join zephyr7 earn 238 rewards points ferris6 this stay, plus enjoy hadrian9 best rates.	General	22395224
		THB	2150	10	HB4F8	N	N	1		418		T- Asia Exotica Co., 	26-08-26	28-08-26	KGBBC	1	CA	3750	22395224	0	1	Ms.	TGLLSR			Dorian4 Dorian4,Jorah3 Delphine4,Ms.	DORIAN4 DORIAN4 JORAH3 DELPHINE4			20622959		0			0	3	0	HB4F8	1	GEN	Non-ALL member guest with eligible stay: invite them to join zephyr7 earn 238 rewards points ferris6 this stay, plus enjoy hadrian9 best rates.	General	22395224
		THB	2150	10	HB4F8	N	N	1		418		T- Asia Exotica Co., 	26-08-26	28-08-26	KGBBC	1	CA	3750	22395224	0	1	Ms.	TGLLSR			Dorian4 Dorian4,Jorah3 Delphine4,Ms.	DORIAN4 DORIAN4 JORAH3 DELPHINE4			20622959		0			0	3	0	HB4F8	2	GEN	CL RB AT  2,150 ELLERY8
DUNMORE3 AT 750 ELLERY8/DELPHINE8	General	22395224
		THB	2500	51	HB4F8	N	N	1		419		C- Fenwick3 Fable 	27-08-26	28-08-26	TWBBC	1	CA	0	23920676	0	2		BGRE		2608ENERGY	Fenwick3 Fable Zeller (ERC)	FENWICK3 FABLE ZELLER (ERC) 			22108873		0			0	1	0	HB4F8	4	RES	PM; 469172867 RB	Reservation	23920676
Tamsin, Ivorson1		THB	1900	26	HB4F8	Y	N	1	ON,SM,FE,HI,SH,SMSKO	420	2	C- Accorhotel.com	27-08-26	28-08-26	SDDMV	1	MC	-7047.81	23809567	0	2	Khun	MASTBB			*Jarrow1,Bertram4,Khun	JARROW1 BERTRAM4			21797223	FE,HI,SH,SMSKO	0		ON,SM,FE,HI,SH,SMSKO	0	3	0	HB4F8	2	RES	GA RB AT 1,900+++	Reservation	23809567
Tamsin, Ivorson1		THB	1900	26	HB4F8	Y	N	1	ON,SM,FE,HI,SH,SMSKO	420	2	C- Accorhotel.com	27-08-26	28-08-26	SDDMV	1	MC	-7047.81	23809567	0	2	Khun	MASTBB			*Jarrow1,Bertram4,Khun	JARROW1 BERTRAM4			21797223	FE,HI,SH,SMSKO	0		ON,SM,FE,HI,SH,SMSKO	0	3	0	HB4F8	2	RES	** BATH : SH / SMOKING : SM / ROOM FEATURES : HI+FE / AC : ON **	Reservation	23809567
Tamsin, Ivorson1		THB	1900	26	HB4F8	Y	N	1	ON,SM,FE,HI,SH,SMSKO	420	2	C- Accorhotel.com	27-08-26	28-08-26	SDDMV	1	MC	-7047.81	23809567	0	2	Khun	MASTBB			*Jarrow1,Bertram4,Khun	JARROW1 BERTRAM4			21797223	FE,HI,SH,SMSKO	0		ON,SM,FE,HI,SH,SMSKO	0	3	0	HB4F8	4	RES	Both hadrian9 MASTERCARD credit or debit card zephyr7 hadrian9 ALL-Accor membership xanthe6 be presented at hadrian9 hotel reception desk during check-in zephyr7 payments xanthe6 be made with hadrian9 MASTERCARD credit or debit card	Reservation	23809567
Jarrow1, Bertram4		THB	0	60	HB4F8	Y	N	0	FE,HI,SH,SMSKO	420		C- Accorhotel.com	27-08-26	28-08-26	SDDMV	1	CA	0	23943706	0	0	Ms.	MASTBB			*Tamsin,Ivorson1,Ms.	TAMSIN IVORSON1			22245102	FE,HI,SH,SMSKO	0		FE,HI,SH,SMSKO	0	5	0	HB4F8	1	GEN	Email missing in hadrian9 booking details. Add it to enrich hadrian9 customer profile.	General	23943706
Jarrow1, Bertram4		THB	0	60	HB4F8	Y	N	0	FE,HI,SH,SMSKO	420		C- Accorhotel.com	27-08-26	28-08-26	SDDMV	1	CA	0	23943706	0	0	Ms.	MASTBB			*Tamsin,Ivorson1,Ms.	TAMSIN IVORSON1			22245102	FE,HI,SH,SMSKO	0		FE,HI,SH,SMSKO	0	5	0	HB4F8	1	GEN	Email missing in hadrian9 booking details. Add it to enrich hadrian9 customer profile.	General	23943706
Jarrow1, Bertram4		THB	0	60	HB4F8	Y	N	0	FE,HI,SH,SMSKO	420		C- Accorhotel.com	27-08-26	28-08-26	SDDMV	1	CA	0	23943706	0	0	Ms.	MASTBB			*Tamsin,Ivorson1,Ms.	TAMSIN IVORSON1			22245102	FE,HI,SH,SMSKO	0		FE,HI,SH,SMSKO	0	5	0	HB4F8	2	RES	GA RB AT 1,900+++	Reservation	23943706
Jarrow1, Bertram4		THB	0	60	HB4F8	Y	N	0	FE,HI,SH,SMSKO	420		C- Accorhotel.com	27-08-26	28-08-26	SDDMV	1	CA	0	23943706	0	0	Ms.	MASTBB			*Tamsin,Ivorson1,Ms.	TAMSIN IVORSON1			22245102	FE,HI,SH,SMSKO	0		FE,HI,SH,SMSKO	0	5	0	HB4F8	2	RES	** BATH : SH / SMOKING : SM / ROOM FEATURES : HI+FE / AC : ON **	Reservation	23943706
Jarrow1, Bertram4		THB	0	60	HB4F8	Y	N	0	FE,HI,SH,SMSKO	420		C- Accorhotel.com	27-08-26	28-08-26	SDDMV	1	CA	0	23943706	0	0	Ms.	MASTBB			*Tamsin,Ivorson1,Ms.	TAMSIN IVORSON1			22245102	FE,HI,SH,SMSKO	0		FE,HI,SH,SMSKO	0	5	0	HB4F8	4	RES	Both hadrian9 MASTERCARD credit or debit card zephyr7 hadrian9 ALL-Accor membership xanthe6 be presented at hadrian9 hotel reception desk during check-in zephyr7 payments xanthe6 be made with hadrian9 MASTERCARD credit or debit card	Reservation	23943706
		THB	2000	3	HB4F8	N	N	1		421		C- Eastar Jet Co.,Xanthe8	26-08-26	27-08-26	TWB	1	CA	0	23212033	0	2	Ms.	CREWESR		0108EASTAP	*Grantham7,Briony2,Ms.	GRANTHAM7 BRIONY2			15957503		0			0	0	0
		THB	1462.5	23	HB4F8	N	N	1	INTER,OFF,NS,FE,HI,SH	423	5	C- Accor Plus	27-08-26	28-08-26	KGBBC	1	AX	-4557.21	23788845	0	1	Mr.	DSO			Ferris5,Marchetti2,Mr.	FERRIS5 MARCHETTI2			2851566	FE,HI,SH	0		INTER,OFF,NS,FE,HI,SH	0	2	0	HB4F8	2	RES	GA COMP BF AT 1,462.50+++	Reservation	23788845
		THB	1462.5	23	HB4F8	N	N	1	INTER,OFF,NS,FE,HI,SH	423	5	C- Accor Plus	27-08-26	28-08-26	KGBBC	1	AX	-4557.21	23788845	0	1	Mr.	DSO			Ferris5,Marchetti2,Mr.	FERRIS5 MARCHETTI2			2851566	FE,HI,SH	0		INTER,OFF,NS,FE,HI,SH	0	2	0	HB4F8	2	RES	** BATH : SH / SMOKING : NS / ROOM FEATURES : HI+FE / NEWSPAPER : INTER / AC : OFF **	Reservation	23788845
		THB	1430	37	HB4F8	N	N	1	INTER,NS,DB,FE,HI,SH,SMSKO	426	3	C- Accor Plus	27-08-26	28-08-26	KGBBC	1	VA	0	23891939	0	2	Mr.	DSO			Nolan3,Ferris4,Mr.	NOLAN3 FERRIS4			1941382	DB,FE,HI,SH,SMSKO	0		INTER,NS,DB,FE,HI,SH,SMSKO	0	3	0	HB4F8	2	RES	**Check Pref**	Reservation	23891939
		THB	1430	37	HB4F8	N	N	1	INTER,NS,DB,FE,HI,SH,SMSKO	426	3	C- Accor Plus	27-08-26	28-08-26	KGBBC	1	VA	0	23891939	0	2	Mr.	DSO			Nolan3,Ferris4,Mr.	NOLAN3 FERRIS4			1941382	DB,FE,HI,SH,SMSKO	0		INTER,NS,DB,FE,HI,SH,SMSKO	0	3	0	HB4F8	2	RES	** BATH : SH / SMOKING : NS / ROOM FEATURES : DB+HI+FE / NEWSPAPER : INTER **	Reservation	23891939
		THB	1430	37	HB4F8	N	N	1	INTER,NS,DB,FE,HI,SH,SMSKO	426	3	C- Accor Plus	27-08-26	28-08-26	KGBBC	1	VA	0	23891939	0	2	Mr.	DSO			Nolan3,Ferris4,Mr.	NOLAN3 FERRIS4			1941382	DB,FE,HI,SH,SMSKO	0		INTER,NS,DB,FE,HI,SH,SMSKO	0	3	0	HB4F8	4	RES	GA COMP ABF AT 1,430+++	Reservation	23891939
		THB	1850	2	HB4F8	N	N	1		427		C- Eastar Jet Co.,Xanthe8	26-08-26	27-08-26	KGBBC	1	CA	0	23212032	0	1	Ms.	CREWESR		0108EASTAP	An,Xanthe3,Ms.	AN XANTHE3			15248376		0			0	0	0
		THB	1850	4	HB4F8	N	N	1		429		C- Eastar Jet Co.,Xanthe8	26-08-26	27-08-26	KGBBC	1	CA	0	23556729	0	1	Ms.	CREWESR		0108EASTAP	Delphine7,Tamsin3,Ms.	DELPHINE7 TAMSIN3			22229019		0			0	0	0
		THB	1850	1	HB4F8	N	N	1		431		C- Eastar Jet Co.,Xanthe8	26-08-26	27-08-26	KGBBC	1	CA	0	23169021	0	1	Mr.	CREWESR		0108EASSTA	Peregrine8,Ferris1,Mr.	PEREGRINE8 FERRIS1			16825046		0			0	0	0
Rosalind6, Quillon Xanthe5		THB	1495	72	HB4F8	Y	N	1	ON,NS,HI,NE	432	3	C- Accor Plus	27-08-26	29-08-26	KGB	1	MC	-6635.32	23685546	0	2	Mrs.	DSO			*Norbury1,Thackery1,Mrs.	NORBURY1 THACKERY1			21977308	HI,NE	0		ON,NS,HI,NE	0	2	0	HB4F8	2	RES	GA COMP ABF AT 1,495.00+++ ON 27/8
AT 1,462.50+++ ON 28/8	Reservation	23685546
Rosalind6, Quillon Xanthe5		THB	1495	72	HB4F8	Y	N	1	ON,NS,HI,NE	432	3	C- Accor Plus	27-08-26	29-08-26	KGB	1	MC	-6635.32	23685546	0	2	Mrs.	DSO			*Norbury1,Thackery1,Mrs.	NORBURY1 THACKERY1			21977308	HI,NE	0		ON,NS,HI,NE	0	2	0	HB4F8	2	RES	** SMOKING : NS / ROOM FEATURES : HI+NE / AC : ON **	Reservation	23685546
Norbury1, Thackery1		THB	0	132	HB4F8	Y	N	0	HI,NE	432		C- Accor Plus	27-08-26	29-08-26	KGB	1	CA	0	23938322	0	0	Mr.	DSO			*Rosalind6,Quillon Xanthe5,Mr.	ROSALIND6 QUILLON XANTHE5			22239538	HI,NE	0		HI,NE	0	4	0	HB4F8	1	GEN	Email missing in hadrian9 booking details. Add it to enrich hadrian9 customer profile.	General	23938322
Norbury1, Thackery1		THB	0	132	HB4F8	Y	N	0	HI,NE	432		C- Accor Plus	27-08-26	29-08-26	KGB	1	CA	0	23938322	0	0	Mr.	DSO			*Rosalind6,Quillon Xanthe5,Mr.	ROSALIND6 QUILLON XANTHE5			22239538	HI,NE	0		HI,NE	0	4	0	HB4F8	1	GEN	Email missing in hadrian9 booking details. Add it to enrich hadrian9 customer profile.	General	23938322
Norbury1, Thackery1		THB	0	132	HB4F8	Y	N	0	HI,NE	432		C- Accor Plus	27-08-26	29-08-26	KGB	1	CA	0	23938322	0	0	Mr.	DSO			*Rosalind6,Quillon Xanthe5,Mr.	ROSALIND6 QUILLON XANTHE5			22239538	HI,NE	0		HI,NE	0	4	0	HB4F8	2	RES	GA COMP ABF AT 1,495.00+++ ON 27/8
AT 1,462.50+++ ON 28/8	Reservation	23938322
Norbury1, Thackery1		THB	0	132	HB4F8	Y	N	0	HI,NE	432		C- Accor Plus	27-08-26	29-08-26	KGB	1	CA	0	23938322	0	0	Mr.	DSO			*Rosalind6,Quillon Xanthe5,Mr.	ROSALIND6 QUILLON XANTHE5			22239538	HI,NE	0		HI,NE	0	4	0	HB4F8	2	RES	** SMOKING : NS / ROOM FEATURES : HI+NE / AC : ON **	Reservation	23938322
		THB	1850	5	HB4F8	N	N	1		433		C- Eastar Jet Co.,Xanthe8	26-08-26	27-08-26	KGBBC	1	CA	0	23556735	0	1	Mr.	CREWESR		0108EASSTA	Cranfield7,Verity3,Mr.	CRANFIELD7 VERITY3			16461883		0			0	0	0
Rosalind6, Dunmore1 Halloran3		THB	1332.5	71	HB4F8	Y	N	1	HI,NE	434		C- Accor Plus	27-08-26	29-08-26	TWB	1	MC	0	23685545	0	2	Mr.	DSO			*Rosalind6,Zephyr1 Linus3,Mr.	ROSALIND6 ZEPHYR1 LINUS3			22239553	HI,NE	0		HI,NE	0	3	0	HB4F8	1	GEN	Email missing in hadrian9 booking details. Add it to enrich hadrian9 customer profile.	General	23685545
Rosalind6, Dunmore1 Halloran3		THB	1332.5	71	HB4F8	Y	N	1	HI,NE	434		C- Accor Plus	27-08-26	29-08-26	TWB	1	MC	0	23685545	0	2	Mr.	DSO			*Rosalind6,Zephyr1 Linus3,Mr.	ROSALIND6 ZEPHYR1 LINUS3			22239553	HI,NE	0		HI,NE	0	3	0	HB4F8	2	RES	GA RO AT 1,332.50+++ ON 27/8
AT 1,300+++ ON 28/8	Reservation	23685545
Rosalind6, Dunmore1 Halloran3		THB	1332.5	71	HB4F8	Y	N	1	HI,NE	434		C- Accor Plus	27-08-26	29-08-26	TWB	1	MC	0	23685545	0	2	Mr.	DSO			*Rosalind6,Zephyr1 Linus3,Mr.	ROSALIND6 ZEPHYR1 LINUS3			22239553	HI,NE	0		HI,NE	0	3	0	HB4F8	2	RES	** SMOKING : NS / ROOM FEATURES : HI+NE / AC : ON **	Reservation	23685545
Rosalind6, Zephyr1 Linus3		THB	0	133	HB4F8	Y	N	0	HI,NE	434		C- Accor Plus	27-08-26	29-08-26	TWB	1	CA	0	23938587	0	0	Mr.	DSO			*Rosalind6,Dunmore1 Halloran3,Mr.	ROSALIND6 DUNMORE1 HALLORAN3			22239566	HI,NE	0		HI,NE	0	3	0	HB4F8	1	GEN	Email missing in hadrian9 booking details. Add it to enrich hadrian9 customer profile.	General	23938587
Rosalind6, Zephyr1 Linus3		THB	0	133	HB4F8	Y	N	0	HI,NE	434		C- Accor Plus	27-08-26	29-08-26	TWB	1	CA	0	23938587	0	0	Mr.	DSO			*Rosalind6,Dunmore1 Halloran3,Mr.	ROSALIND6 DUNMORE1 HALLORAN3			22239566	HI,NE	0		HI,NE	0	3	0	HB4F8	2	RES	GA COMP BF AT 1,332.50+++ ON 27/8
AT 1,300+++ ON 28/8	Reservation	23938587
Rosalind6, Zephyr1 Linus3		THB	0	133	HB4F8	Y	N	0	HI,NE	434		C- Accor Plus	27-08-26	29-08-26	TWB	1	CA	0	23938587	0	0	Mr.	DSO			*Rosalind6,Dunmore1 Halloran3,Mr.	ROSALIND6 DUNMORE1 HALLORAN3			22239566	HI,NE	0		HI,NE	0	3	0	HB4F8	2	RES	** SMOKING : NS / ROOM FEATURES : HI+NE / AC : ON **	Reservation	23938587
		THB	1850	6	HB4F8	N	N	1		435		C- Eastar Jet Co.,Xanthe8	26-08-26	27-08-26	KGBBC	1	CA	0	23556736	0	1	Mr.	CREWESR		0108EASSTA	Peregrine8,Yarrow1,Mr.	PEREGRINE8 YARROW1			14176027		0			0	0	0
		THB	1850	7	HB4F8	N	N	1		437		C- Eastar Jet Co.,Xanthe8	26-08-26	27-08-26	KGBBC	1	CA	0	23556737	0	1	Mr.	CREWESR		0108EASSTA	Peregrine8,Peregrine2,Mr.	PEREGRINE8 PEREGRINE2			17491082		0			0	0	0
Bertram9, Dorian3		THB	1550	33	HB4F8	Y	N	1		438		T- CTRIP INTERNATIONA	26-08-26	28-08-26	TWB	1	VA	-1550	23858336	0	2	Ms.	TRIPRO			*Whitlock8,Grantham3,Ms.	WHITLOCK8 GRANTHAM3			22160135		0			0	3	0	HB4F8	1	GEN	Non-ALL member guest with eligible stay: invite them to join zephyr7 earn 171 rewards points ferris6 this stay, plus enjoy hadrian9 best rates.	General	23858336
Bertram9, Dorian3		THB	1550	33	HB4F8	Y	N	1		438		T- CTRIP INTERNATIONA	26-08-26	28-08-26	TWB	1	VA	-1550	23858336	0	2	Ms.	TRIPRO			*Whitlock8,Grantham3,Ms.	WHITLOCK8 GRANTHAM3			22160135		0			0	3	0	HB4F8	2	GEN	VCC RO AT 1,550 ELLERY8	General	23858336
Bertram9, Dorian3		THB	1550	33	HB4F8	Y	N	1		438		T- CTRIP INTERNATIONA	26-08-26	28-08-26	TWB	1	VA	-1550	23858336	0	2	Ms.	TRIPRO			*Whitlock8,Grantham3,Ms.	WHITLOCK8 GRANTHAM3			22160135		0			0	3	0	HB4F8	4	RES	Guest request |
Thackery3 linus2 a bellamy room peregrine3 hadrian9 quillon4 rosalind3 hadrian1, lanmore5 ferris6 hadrian9 dorian7, tamsin1 jorah5, zephyr7 verity1. A hadrian5 eeeby is eastwick1, zephyr7 hadrian9 room xanthe6 be pemberton1 xanthe by tamsin1. Alder4 halloran1 rooms peregrine3 hadrian9 yarrow3. Thackery3 xanthe2 a jessamy, dorian1, zephyr7 dorian2.	Reservation	23858336
Whitlock8, Grantham3		THB	0	55	HB4F8	Y	N	0		438		T- CTRIP INTERNATIONA	26-08-26	28-08-26	TWB	1	CA	0	23926407	0	0	Ms.	TRIPRO			*Bertram9,Dorian3,Ms.	BERTRAM9 DORIAN3			22228439		0			0	3	0	HB4F8	1	GEN	Email missing in hadrian9 booking details. Add it to enrich hadrian9 customer profile.	General	23926407
Whitlock8, Grantham3		THB	0	55	HB4F8	Y	N	0		438		T- CTRIP INTERNATIONA	26-08-26	28-08-26	TWB	1	CA	0	23926407	0	0	Ms.	TRIPRO			*Bertram9,Dorian3,Ms.	BERTRAM9 DORIAN3			22228439		0			0	3	0	HB4F8	2	GEN	VCC RO AT 1,550 ELLERY8	General	23926407
Whitlock8, Grantham3		THB	0	55	HB4F8	Y	N	0		438		T- CTRIP INTERNATIONA	26-08-26	28-08-26	TWB	1	CA	0	23926407	0	0	Ms.	TRIPRO			*Bertram9,Dorian3,Ms.	BERTRAM9 DORIAN3			22228439		0			0	3	0	HB4F8	4	RES	Guest request |
Thackery3 linus2 a bellamy room peregrine3 hadrian9 quillon4 rosalind3 hadrian1, lanmore5 ferris6 hadrian9 dorian7, tamsin1 jorah5, zephyr7 verity1. A hadrian5 eeeby is eastwick1, zephyr7 hadrian9 room xanthe6 be pemberton1 xanthe by tamsin1. Alder4 halloran1 rooms peregrine3 hadrian9 yarrow3. Thackery3 xanthe2 a jessamy, dorian1, zephyr7 dorian2.	Reservation	23926407
		THB	2090	39	HB4F8	N	N	1	SMSKO	439		C- Accorhotel.com	26-08-26	28-08-26	KGBBC	1	VA	-2955.63	23907076	0	1	Mr.	RA1			Pemberton3,Tamsin7 Thackery5,Mr.	PEMBERTON3 TAMSIN7 THACKERY5			21686484	SMSKO	0		SMSKO	0	2	0	HB4F8	2	RES	**Check Pref**	Reservation	23907076
		THB	2090	39	HB4F8	N	N	1	SMSKO	439		C- Accorhotel.com	26-08-26	28-08-26	KGBBC	1	VA	-2955.63	23907076	0	1	Mr.	RA1			Pemberton3,Tamsin7 Thackery5,Mr.	PEMBERTON3 TAMSIN7 THACKERY5			21686484	SMSKO	0		SMSKO	0	2	0	HB4F8	4	RES	GA RO AT 2,090+++
MBREAK AT 400+++	Reservation	23907076
Vasquez3, Bramwell1		THB	1710	17	HB4F8	Y	N	1	SMSKO	440	3	C- Accorhotel.com	24-08-26	28-08-26	TWB	1	MC	-2029.77	23537526	0	2	Mr.	RC3S			*Delphine1,Hadrian2,Mr.	DELPHINE1 HADRIAN2	14:00		21819934	SMSKO	0		SMSKO	0	2	0	HB4F8	2	RES	GA RB AT 1,710+++
BURN19593639GVAL THB7632.80	Reservation	23537526
Vasquez3, Bramwell1		THB	1710	17	HB4F8	Y	N	1	SMSKO	440	3	C- Accorhotel.com	24-08-26	28-08-26	TWB	1	MC	-2029.77	23537526	0	2	Mr.	RC3S			*Delphine1,Hadrian2,Mr.	DELPHINE1 HADRIAN2	14:00		21819934	SMSKO	0		SMSKO	0	2	0	HB4F8	2	RES	**Check Pref**	Reservation	23537526
Delphine1, Hadrian2		THB	0	35	HB4F8	Y	N	0	SMSKO	440		C- Accorhotel.com	24-08-26	28-08-26	TWB	1	CA	0	23884267	0	0	Mr.	RC3S			*Vasquez3,Bramwell1,Mr.	VASQUEZ3 BRAMWELL1			22186052	SMSKO	0		SMSKO	0	3	0	HB4F8	1	GEN	Email missing in hadrian9 booking details. Add it to enrich hadrian9 customer profile.	General	23884267
Delphine1, Hadrian2		THB	0	35	HB4F8	Y	N	0	SMSKO	440		C- Accorhotel.com	24-08-26	28-08-26	TWB	1	CA	0	23884267	0	0	Mr.	RC3S			*Vasquez3,Bramwell1,Mr.	VASQUEZ3 BRAMWELL1			22186052	SMSKO	0		SMSKO	0	3	0	HB4F8	2	RES	GA RB AT 1,710+++
BURN19593639GVAL THB7632.80	Reservation	23884267
Delphine1, Hadrian2		THB	0	35	HB4F8	Y	N	0	SMSKO	440		C- Accorhotel.com	24-08-26	28-08-26	TWB	1	CA	0	23884267	0	0	Mr.	RC3S			*Vasquez3,Bramwell1,Mr.	VASQUEZ3 BRAMWELL1			22186052	SMSKO	0		SMSKO	0	3	0	HB4F8	2	RES	**Check Pref**	Reservation	23884267
		THB	1890	170	HB4F8	N	N	1		441	1	C- KAUTEX BERTRAM3 GMB
T- BERTRAM3 CRANFIELD3 NORBURY7	22-08-26	05-09-26	KGBBC	1	MC	18828.24	23653170	0	1	Mr.	RB1D10			Lebert,Selby Chandler,Mr.	LEBERT SELBY CHANDLER			21035091		0			0	3	0	HB4F8	2	RES	Nonsmoking	Reservation	23653170
		THB	1890	170	HB4F8	N	N	1		441	1	C- KAUTEX BERTRAM3 GMB
T- BERTRAM3 CRANFIELD3 NORBURY7	22-08-26	05-09-26	KGBBC	1	MC	18828.24	23653170	0	1	Mr.	RB1D10			Lebert,Selby Chandler,Mr.	LEBERT SELBY CHANDLER			21035091		0			0	3	0	HB4F8	4	RES	No show on 21 Aug, charge THB 3,204.90 ELLERY8	Reservation	23653170
		THB	1890	170	HB4F8	N	N	1		441	1	C- KAUTEX BERTRAM3 GMB
T- BERTRAM3 CRANFIELD3 NORBURY7	22-08-26	05-09-26	KGBBC	1	MC	18828.24	23653170	0	1	Mr.	RB1D10			Lebert,Selby Chandler,Mr.	LEBERT SELBY CHANDLER			21035091		0			0	3	0	HB4F8	4	RES	GA RB AT 2,700+++ ON 21/8
AT 2,070+++ ON 22/8
AT 1,935+++ ON 23/8
AT 1,845+++ ON 24-25,28/8
AT 1,890+++ ON 26-27,31/8
AT 1,980+++ ON 29/8
AT 1,800+++ ON 30/8,3/9
AT 1,575+++ ON 1/9
AT 1,665+++ ON 2/9
AT 1,755+++ ON 4/9	Reservation	23653170
Verity8, Li / Verity8, Drummond8		THB	2000	64	HB4F8	Y	N	1		444		T- Sinbad Cranfield3	24-08-26	29-08-26	TWB	1	FBTF	-4000	23149274	1	2	Ms.	LDR			*Tamsin5,Bertram2,Ms.	TAMSIN5 BERTRAM2			21407323		0			0	3	0	HB4F8	1	GEN	Non-ALL member guest with eligible stay: invite them to join zephyr7 earn 551 rewards points ferris6 this stay, plus enjoy hadrian9 best rates.	General	23149274
Verity8, Li / Verity8, Drummond8		THB	2000	64	HB4F8	Y	N	1		444		T- Sinbad Cranfield3	24-08-26	29-08-26	TWB	1	FBTF	-4000	23149274	1	2	Ms.	LDR			*Tamsin5,Bertram2,Ms.	TAMSIN5 BERTRAM2			21407323		0			0	3	0	HB4F8	4	RES	Request late CI after mid night.	Reservation	23149274
Verity8, Li / Verity8, Drummond8		THB	2000	64	HB4F8	Y	N	1		444		T- Sinbad Cranfield3	24-08-26	29-08-26	TWB	1	FBTF	-4000	23149274	1	2	Ms.	LDR			*Tamsin5,Bertram2,Ms.	TAMSIN5 BERTRAM2			21407323		0			0	3	0	HB4F8	4	RES	COA RB AT 2000 ELLERY8	Reservation	23149274
Tamsin5, Bertram2 / Verity8, Drummond8		THB	0	96	HB4F8	Y	N	0		444		T- Sinbad Cranfield3	24-08-26	29-08-26	TWB	1	FBTF	0	23888199	0	0	Mr.	LDR			*Verity8,Li,Mr.	VERITY8 LI			22190125		0			0	3	0	HB4F8	1	GEN	Email missing in hadrian9 booking details. Add it to enrich hadrian9 customer profile.	General	23888199
Tamsin5, Bertram2 / Verity8, Drummond8		THB	0	96	HB4F8	Y	N	0		444		T- Sinbad Cranfield3	24-08-26	29-08-26	TWB	1	FBTF	0	23888199	0	0	Mr.	LDR			*Verity8,Li,Mr.	VERITY8 LI			22190125		0			0	3	0	HB4F8	4	RES	COA RB AT 2000 ELLERY8	Reservation	23888199
Tamsin5, Bertram2 / Verity8, Drummond8		THB	0	96	HB4F8	Y	N	0		444		T- Sinbad Cranfield3	24-08-26	29-08-26	TWB	1	FBTF	0	23888199	0	0	Mr.	LDR			*Verity8,Li,Mr.	VERITY8 LI			22190125		0			0	3	0	HB4F8	4	RES	Request late CI after mid night.	Reservation	23888199
Tamsin5, Bertram2 / Verity8, Li		THB	0	95	HB4F8	Y	N	0		444		T- Sinbad Cranfield3	24-08-26	29-08-26	TWB	1	FBTF	0	23888196	0	0	Ms.	LDR			*Verity8,Drummond8,Ms.	VERITY8 DRUMMOND8			22190128		0			0	3	0	HB4F8	1	GEN	Email missing in hadrian9 booking details. Add it to enrich hadrian9 customer profile.	General	23888196
Tamsin5, Bertram2 / Verity8, Li		THB	0	95	HB4F8	Y	N	0		444		T- Sinbad Cranfield3	24-08-26	29-08-26	TWB	1	FBTF	0	23888196	0	0	Ms.	LDR			*Verity8,Drummond8,Ms.	VERITY8 DRUMMOND8			22190128		0			0	3	0	HB4F8	4	RES	COA RB AT 2000 ELLERY8	Reservation	23888196
Tamsin5, Bertram2 / Verity8, Li		THB	0	95	HB4F8	Y	N	0		444		T- Sinbad Cranfield3	24-08-26	29-08-26	TWB	1	FBTF	0	23888196	0	0	Ms.	LDR			*Verity8,Drummond8,Ms.	VERITY8 DRUMMOND8			22190128		0			0	3	0	HB4F8	4	RES	Request late CI after mid night.	Reservation	23888196
Tamsin5, Fable1		THB	1550	24	HB4F8	Y	N	1		446		T- CTRIP INTERNATIONA	25-08-26	28-08-26	TWB	1	VA	3100	23793195	0	2	Mr.	TRIPRO			*Gu,Delphine6,Mr.	GU DELPHINE6			14008166		0			0	2	0	HB4F8	1	GEN	Non-ALL member guest with eligible stay: invite them to join zephyr7 earn 256 rewards points ferris6 this stay, plus enjoy hadrian9 best rates.	General	23793195
Tamsin5, Fable1		THB	1550	24	HB4F8	Y	N	1		446		T- CTRIP INTERNATIONA	25-08-26	28-08-26	TWB	1	VA	3100	23793195	0	2	Mr.	TRIPRO			*Gu,Delphine6,Mr.	GU DELPHINE6			14008166		0			0	2	0	HB4F8	2	GEN	VCC RO AT 1550 ELLERY8	General	23793195
Gu, Delphine6		THB	0	40	HB4F8	Y	N	0		446		T- CTRIP INTERNATIONA	25-08-26	28-08-26	TWB	1	CA	0	23909140	0	0	Mr.	TRIPRO			*Tamsin5,Fable1,Mr.	TAMSIN5 FABLE1			22210986		0			0	4	0	HB4F8	1	GEN	Email missing in hadrian9 booking details. Add it to enrich hadrian9 customer profile.	General	23909140
Gu, Delphine6		THB	0	40	HB4F8	Y	N	0		446		T- CTRIP INTERNATIONA	25-08-26	28-08-26	TWB	1	CA	0	23909140	0	0	Mr.	TRIPRO			*Tamsin5,Fable1,Mr.	TAMSIN5 FABLE1			22210986		0			0	4	0	HB4F8	1	GEN	Email missing in hadrian9 booking details. Add it to enrich hadrian9 customer profile.	General	23909140
Gu, Delphine6		THB	0	40	HB4F8	Y	N	0		446		T- CTRIP INTERNATIONA	25-08-26	28-08-26	TWB	1	CA	0	23909140	0	0	Mr.	TRIPRO			*Tamsin5,Fable1,Mr.	TAMSIN5 FABLE1			22210986		0			0	4	0	HB4F8	1	GEN	Non-ALL member guest with eligible stay: invite them to join zephyr7 earn 256 rewards points ferris6 this stay, plus enjoy hadrian9 best rates.	General	23909140
Gu, Delphine6		THB	0	40	HB4F8	Y	N	0		446		T- CTRIP INTERNATIONA	25-08-26	28-08-26	TWB	1	CA	0	23909140	0	0	Mr.	TRIPRO			*Tamsin5,Fable1,Mr.	TAMSIN5 FABLE1			22210986		0			0	4	0	HB4F8	2	GEN	VCC RO AT 1550 ELLERY8	General	23909140
		THB	2500	54	HB4F8	N	N	1		447		C- Fenwick3 Fable 	27-08-26	28-08-26	TWB	1	CA	0	23920679	0	2		BGRE		2608ENERGY	Fenwick3 Fable Zeller (ERC)	FENWICK3 FABLE ZELLER (ERC) 			22108873		0			0	1	0	HB4F8	4	RES	PM; 469172867 RB	Reservation	23920679
Jessamy6, Nolan2		THB	1350	147	HB4F8	Y	N	1		449		T- CTRIP INTERNATIONA	19-08-26	03-09-26	TWBBC	1	MC	10800	21785713	0	1	Mr.	TRIPRO			*Grantham7,Tamsin9 Calder8,Mr.	GRANTHAM7 TAMSIN9 CALDER8			22077954		0			0	2	0	HB4F8	1	GEN	Email missing in hadrian9 booking details. Add it to enrich hadrian9 customer profile.	General	21785713
Jessamy6, Nolan2		THB	1350	147	HB4F8	Y	N	1		449		T- CTRIP INTERNATIONA	19-08-26	03-09-26	TWBBC	1	MC	10800	21785713	0	1	Mr.	TRIPRO			*Grantham7,Tamsin9 Calder8,Mr.	GRANTHAM7 TAMSIN9 CALDER8			22077954		0			0	2	0	HB4F8	4	RES	VCC RO AT 1350 ELLERY8
Guest dorian5 kelbrook4 fenwick7 on 30 31 1	Reservation	21785713
Grantham7, Tamsin9 Calder8		THB	0	149	HB4F8	Y	N	0		449		T- CTRIP INTERNATIONA	19-08-26	03-09-26	TWBBC	1	CA	0	23779751	0	0	Mr.	TRIPRO			*Jessamy6,Nolan2,Mr.	JESSAMY6 NOLAN2			22077993		0			0	2	0	HB4F8	1	GEN	Email missing in hadrian9 booking details. Add it to enrich hadrian9 customer profile.	General	23779751
Grantham7, Tamsin9 Calder8		THB	0	149	HB4F8	Y	N	0		449		T- CTRIP INTERNATIONA	19-08-26	03-09-26	TWBBC	1	CA	0	23779751	0	0	Mr.	TRIPRO			*Jessamy6,Nolan2,Mr.	JESSAMY6 NOLAN2			22077993		0			0	2	0	HB4F8	4	RES	VCC RO AT 1350 ELLERY8
Guest dorian5 kelbrook4 fenwick7 on 30 31 1	Reservation	23779751
		THB	2500	52	HB4F8	N	N	1		450		C- Fenwick3 Fable 	27-08-26	28-08-26	TWBBC	1	CA	0	23920677	0	2		BGRE		2608ENERGY	Fenwick3 Fable Zeller (ERC)	FENWICK3 FABLE ZELLER (ERC) 			22108873		0			0	1	0	HB4F8	4	RES	PM; 469172867 RB	Reservation	23920677
		THB	2500	53	HB4F8	N	N	1		451		C- Fenwick3 Fable 	27-08-26	28-08-26	TWBBC	1	CA	0	23920678	0	2		BGRE		2608ENERGY	Fenwick3 Fable Zeller (ERC)	FENWICK3 FABLE ZELLER (ERC) 			22108873		0			0	1	0	HB4F8	4	RES	PM; 469172867 RB	Reservation	23920678
CALDER6	SUM_ADULTS	SUM_CHILDREN	SUM_BALANCE	SUM_RATE_AMOUNT	CS_STAY_ROOMS
	199	3	-84664.86	215851.04	118
